ID_Produto,Estoque_Inicial,Estoque_Final,Tempo_Entrega,Local_Armazenamento,Custo_Armazenamento,Data_Ultima_Movimentacao
P0001,297,256,2,Armazém B,1.6791731717046985,2025-09-10
P0002,381,98,3,Armazém B,0.7538713961643417,2025-10-04
P0003,473,81,6,Armazém B,0.6628330366589728,2025-10-04
P0004,100,366,1,Armazém C,1.6239355408238754,2025-03-13
P0005,310,219,6,Armazém C,0.9577374958059346,2025-05-09
P0006,362,178,2,Armazém A,1.9272491588410288,2025-12-24
P0007,431,151,4,Armazém A,1.5714769559155597,2025-07-05
P0008,311,84,4,Armazém A,0.9901340708645464,2025-01-13
P0009,186,356,2,Armazém A,0.9343141216905574,2025-11-25
P0010,252,248,3,Armazém B,1.2855475794069635,2025-08-08
P0011,449,350,5,Armazém C,0.6187170024173141,2025-01-06
P0012,286,126,2,Armazém B,0.6765147689679485,2025-08-27
P0013,160,370,6,Armazém C,0.7637868219742887,2025-04-22
P0014,384,63,4,Armazém B,1.6620853899568404,2025-08-16
P0015,194,398,1,Armazém A,1.2707860389036836,2025-01-17
P0016,373,180,4,Armazém C,0.5158506841616644,2025-03-14
P0017,140,287,5,Armazém A,1.5102747912081635,2025-01-12
P0018,246,329,4,Armazém C,1.1355352679907456,2025-03-27
P0019,345,114,5,Armazém C,1.266278547445697,2025-06-29
P0020,231,187,2,Armazém A,0.8211743651194033,2025-05-02
P0021,396,318,4,Armazém A,1.327673342591155,2025-07-23
P0022,222,277,3,Armazém A,1.968729859627233,2025-03-11
P0023,242,250,6,Armazém B,0.6101670365086422,2025-04-18
P0024,281,191,3,Armazém C,0.925876099496646,2025-07-20
P0025,291,149,6,Armazém C,0.8644963892912447,2025-02-21
P0026,498,187,4,Armazém C,0.8728239661267694,2025-02-06
P0027,306,217,4,Armazém A,1.0680595363480658,2025-04-27
P0028,330,148,6,Armazém C,1.7271646771162512,2025-09-16
P0029,121,360,1,Armazém C,1.869288034946581,2025-09-21
P0030,179,368,4,Armazém A,0.80332263118846,2025-10-30
P0031,229,376,1,Armazém A,1.3144249069221692,2025-03-05
P0032,391,115,1,Armazém C,1.4553484582482206,2025-02-11
P0033,375,384,6,Armazém B,1.2827412115457673,2025-02-12
P0034,499,378,1,Armazém A,1.1511145912953793,2025-05-05
P0035,422,96,1,Armazém B,0.7879632587888568,2025-09-27
P0036,475,386,2,Armazém B,1.232329038798858,2025-12-13
P0037,154,280,3,Armazém B,1.1018222415669934,2025-08-21
P0038,165,357,1,Armazém B,1.6933450437534046,2025-05-12
P0039,326,195,3,Armazém A,1.6454065387444927,2025-01-02
P0040,125,256,1,Armazém C,0.7009980218085061,2025-04-25
P0041,352,195,3,Armazém C,0.6327785788446014,2025-01-01
P0042,296,201,4,Armazém A,1.8622309148412544,2025-11-27
P0043,229,328,4,Armazém A,1.3032625834467466,2025-03-06
P0044,342,189,3,Armazém B,1.786701405923886,2025-05-05
P0045,411,200,1,Armazém B,0.5872266808496017,2025-09-13
P0046,311,70,2,Armazém A,1.2897734247824455,2025-11-18
P0047,289,303,3,Armazém C,1.3091397718643545,2025-05-23
P0048,389,113,5,Armazém B,1.7910530488132248,2025-11-24
P0049,325,267,2,Armazém A,0.6464149973445612,2025-09-03
P0050,345,121,5,Armazém A,0.860668345513864,2025-04-26
P0051,155,211,3,Armazém A,1.1098074708305197,2025-10-30
P0052,154,179,1,Armazém B,1.7987622131299132,2025-03-31
P0053,375,118,5,Armazém A,1.9083249726058504,2025-10-23
P0054,405,274,3,Armazém C,1.9890869293904416,2025-02-11
P0055,439,295,2,Armazém A,1.9387902296877824,2025-02-04
P0056,252,117,1,Armazém B,0.5089126337665316,2025-02-10
P0057,152,156,5,Armazém C,0.5715625121808081,2025-12-07
P0058,497,158,3,Armazém C,0.721410228736383,2025-05-04
P0059,210,377,1,Armazém A,1.0232931451554097,2025-02-26
P0060,303,152,1,Armazém A,1.744877046480438,2025-10-21
P0061,211,190,4,Armazém C,1.8389842930032207,2025-08-23
P0062,424,114,1,Armazém A,0.7802516094418745,2025-04-06
P0063,357,183,3,Armazém B,1.429496227429563,2025-11-15
P0064,115,248,2,Armazém C,1.8760429775979148,2025-12-09
P0065,449,204,6,Armazém A,1.195597603896981,2025-05-12
P0066,265,128,4,Armazém C,0.655315357929176,2025-06-25
P0067,400,299,3,Armazém A,1.1867204751269371,2025-02-21
P0068,481,136,3,Armazém A,1.063692353432086,2025-02-07
P0069,379,353,3,Armazém B,1.3664869940990103,2025-12-09
P0070,470,290,5,Armazém A,1.1579880266106557,2025-01-05
P0071,257,137,5,Armazém A,0.5260188902805769,2025-08-01
P0072,348,373,2,Armazém A,1.9909966001205064,2025-04-30
P0073,478,221,3,Armazém B,1.3153103565958564,2025-11-22
P0074,280,66,5,Armazém A,1.2104461332269143,2025-07-28
P0075,290,272,5,Armazém A,1.931926057256081,2025-08-05
P0076,238,343,5,Armazém A,0.7337905513806157,2025-01-24
P0077,177,359,2,Armazém C,0.7838564038178724,2025-12-08
P0078,472,268,2,Armazém B,1.7120221235941753,2025-07-24
P0079,435,283,3,Armazém C,0.8912466200375131,2025-08-14
P0080,149,297,4,Armazém B,1.6988406594372905,2025-08-06
P0081,184,101,3,Armazém B,0.9073002243627538,2025-07-30
P0082,282,64,5,Armazém C,0.5497814453375023,2025-01-26
P0083,282,373,6,Armazém B,1.275522085830074,2025-09-09
P0084,103,161,5,Armazém B,0.7950296511902921,2025-01-03
P0085,416,233,1,Armazém C,1.636769439398707,2025-01-02
P0086,210,56,6,Armazém A,1.4617994498482223,2025-04-02
P0087,433,100,6,Armazém B,1.8854040019668767,2025-01-02
P0088,438,363,3,Armazém C,1.674482535898604,2025-05-30
P0089,350,290,5,Armazém B,0.7711639322610903,2025-03-12
P0090,232,294,5,Armazém C,1.7002373549971943,2025-01-04
P0091,199,235,4,Armazém A,1.462605567221035,2025-02-07
P0092,271,336,1,Armazém B,1.5034274626409374,2025-12-25
P0093,386,141,3,Armazém A,1.748394328955223,2025-03-11
P0094,218,155,2,Armazém A,1.3607361037834105,2025-07-20
P0095,449,62,3,Armazém C,1.1990052715295194,2025-11-04
P0096,274,195,6,Armazém B,1.454961553038092,2025-09-09
P0097,129,168,3,Armazém B,0.9469361434375386,2025-10-14
P0098,154,252,4,Armazém B,0.7738956966306489,2025-10-19
P0099,460,190,3,Armazém B,1.4248817571068697,2025-06-03
P0100,295,164,4,Armazém B,0.8507725536282165,2025-05-13
P0101,140,201,6,Armazém C,0.6198726640199101,2025-03-15
P0102,272,106,4,Armazém B,0.5008312768778809,2025-10-01
P0103,429,206,5,Armazém A,1.4124791021001006,2025-09-28
P0104,318,359,2,Armazém A,1.0432231752203551,2025-07-04
P0105,307,182,6,Armazém B,1.628466456010184,2025-12-19
P0106,257,212,4,Armazém C,1.0627645974696538,2025-01-05
P0107,432,324,1,Armazém C,1.22900517235734,2025-10-20
P0108,327,232,6,Armazém B,1.1106274592230774,2025-12-26
P0109,184,126,1,Armazém A,1.4758621866640191,2025-03-27
P0110,272,374,2,Armazém B,1.0342087430224522,2025-08-02
P0111,344,93,4,Armazém B,1.9456514749134637,2025-01-15
P0112,459,255,6,Armazém B,1.9042204798977955,2025-09-30
P0113,272,87,6,Armazém C,1.772041853985922,2025-02-20
P0114,434,367,2,Armazém C,1.880450405859122,2025-09-10
P0115,311,71,5,Armazém A,1.1737095326890865,2025-02-14
P0116,183,122,1,Armazém A,1.3046455951842382,2025-07-10
P0117,272,290,6,Armazém B,1.6131388888373666,2025-05-02
P0118,282,203,3,Armazém A,1.5442188874078115,2025-07-06
P0119,232,286,1,Armazém B,1.836017893408206,2025-08-02
P0120,479,54,4,Armazém A,1.5744965408850429,2025-05-29
P0121,387,270,2,Armazém B,1.9968270623426907,2025-06-19
P0122,361,359,1,Armazém C,1.0227586997473863,2025-07-28
P0123,449,135,3,Armazém B,1.7494966133591268,2025-03-23
P0124,381,226,3,Armazém C,1.5464522342489964,2025-07-15
P0125,392,308,2,Armazém C,1.5370796678225278,2025-09-03
P0126,368,269,2,Armazém A,0.9887533922674984,2025-12-11
P0127,448,87,1,Armazém A,1.6784026886345338,2025-12-23
P0128,296,191,4,Armazém C,1.8505640335213989,2025-02-09
P0129,124,284,5,Armazém B,0.8278226922808445,2025-06-17
P0130,240,252,3,Armazém B,1.4382452556750562,2025-02-12
P0131,322,378,2,Armazém A,1.0882022436541627,2025-11-25
P0132,119,343,5,Armazém B,1.984322178942316,2025-07-30
P0133,346,221,5,Armazém B,1.2182492237475224,2025-06-28
P0134,427,174,5,Armazém B,0.842480260695414,2025-01-23
P0135,300,375,4,Armazém C,1.0727864378327487,2025-04-05
P0136,214,114,2,Armazém C,1.4807575847249392,2025-06-09
P0137,482,330,3,Armazém B,0.6141340570243644,2025-09-01
P0138,288,321,2,Armazém A,1.4054028803318563,2025-01-17
P0139,125,293,1,Armazém B,1.8968371387683471,2025-04-22
P0140,153,64,3,Armazém A,1.7755441814867756,2025-04-13
P0141,269,275,2,Armazém C,0.601510304986975,2025-11-10
P0142,494,180,3,Armazém B,1.9900848181086024,2025-03-27
P0143,480,244,1,Armazém B,1.5480903855558186,2025-02-04
P0144,110,342,6,Armazém A,0.7434212364710355,2025-01-30
P0145,126,258,3,Armazém A,0.5186241337541353,2025-07-11
P0146,449,162,6,Armazém B,0.756923954438227,2025-06-28
P0147,182,293,5,Armazém B,1.757263881028608,2025-04-14
P0148,389,215,4,Armazém A,0.5324589874177457,2025-06-14
P0149,137,240,1,Armazém C,0.8497209554271299,2025-05-02
P0150,186,306,3,Armazém A,1.6359583930023132,2025-05-14
P0151,420,376,1,Armazém B,1.3791658038472026,2025-10-17
P0152,486,267,5,Armazém C,1.6741035655402878,2025-11-08
P0153,255,324,6,Armazém C,1.619225755740182,2025-08-12
P0154,497,101,4,Armazém C,0.5759020806827071,2025-01-25
P0155,407,207,1,Armazém C,1.8387671286412277,2025-01-13
P0156,385,104,6,Armazém B,0.840547751423403,2025-11-15
P0157,285,63,5,Armazém C,1.3300886603446456,2025-08-18
P0158,281,318,5,Armazém A,1.4664322347916685,2025-04-12
P0159,468,389,5,Armazém A,0.7529423163276431,2025-07-22
P0160,242,139,6,Armazém A,1.9643468850514616,2025-09-24
P0161,305,76,3,Armazém B,1.2322339341309636,2025-08-10
P0162,241,138,2,Armazém C,0.5864640433960902,2025-04-14
P0163,284,90,1,Armazém A,1.9058930671667604,2025-04-21
P0164,340,353,2,Armazém A,1.3794017647899022,2025-03-10
P0165,107,317,5,Armazém A,1.5487897969720643,2025-12-24
P0166,171,187,2,Armazém C,1.287763684901336,2025-09-15
P0167,387,55,6,Armazém A,1.7521069321654514,2025-06-17
P0168,194,291,5,Armazém C,0.5497001932898163,2025-10-20
P0169,256,211,5,Armazém C,0.9025675479157216,2025-02-18
P0170,140,229,4,Armazém C,1.2044725346040384,2025-09-07
P0171,430,346,4,Armazém B,0.6149054244705651,2025-11-27
P0172,400,55,6,Armazém B,1.5588600039899874,2025-03-16
P0173,368,320,6,Armazém C,1.0904951210834612,2025-07-20
P0174,254,321,2,Armazém C,0.909001985402216,2025-02-03
P0175,374,205,1,Armazém B,0.5050682702126184,2025-11-10
P0176,253,134,2,Armazém B,1.5797454676249305,2025-04-21
P0177,152,249,6,Armazém C,1.7507139633092923,2025-12-18
P0178,278,59,1,Armazém B,1.0925608035222476,2025-11-12
P0179,339,187,2,Armazém A,1.3463269655500485,2025-08-25
P0180,236,291,3,Armazém C,0.8415299388943976,2025-02-01
P0181,354,250,3,Armazém C,1.4332964694201995,2025-07-28
P0182,323,205,1,Armazém B,0.5182061874728008,2025-05-12
P0183,279,324,4,Armazém A,1.2329658456481376,2025-04-16
P0184,281,274,1,Armazém B,1.4663082227610384,2025-02-02
P0185,358,117,2,Armazém A,1.877287659844601,2025-02-12
P0186,342,233,5,Armazém A,1.0720037256834265,2025-04-17
P0187,195,244,3,Armazém C,1.6477853044715447,2025-09-22
P0188,296,91,5,Armazém A,1.3965305449152512,2025-08-14
P0189,491,200,3,Armazém C,1.890518169387621,2025-06-28
P0190,113,133,2,Armazém A,1.097566513489146,2025-08-10
P0191,219,183,3,Armazém C,0.978643009809482,2025-05-05
P0192,486,358,1,Armazém A,1.830712998041216,2025-10-03
P0193,368,347,5,Armazém B,0.5738666021124337,2025-06-16
P0194,270,79,6,Armazém A,0.7045780894005151,2025-05-31
P0195,171,58,5,Armazém B,0.6236066518760667,2025-02-10
P0196,278,219,2,Armazém A,1.764664934864604,2025-10-27
P0197,269,339,6,Armazém A,0.515911135055479,2025-02-04
P0198,258,217,5,Armazém C,1.792485733245572,2025-11-10
P0199,253,393,2,Armazém A,1.1769016930569005,2025-10-31
P0200,181,194,4,Armazém A,0.5060379182809561,2025-08-19
P0201,156,277,1,Armazém A,1.1024677658180628,2025-08-03
P0202,106,355,3,Armazém B,0.7802012615675533,2025-11-10
P0203,211,125,3,Armazém C,1.4366007312082445,2025-04-11
P0204,147,272,3,Armazém C,1.51903818488247,2025-02-26
P0205,179,226,4,Armazém A,1.2312913556074998,2025-08-03
P0206,474,238,1,Armazém A,0.560779288159505,2025-06-05
P0207,475,351,5,Armazém B,1.4841932065508028,2025-03-05
P0208,415,95,5,Armazém A,1.7630581754082817,2025-03-03
P0209,132,66,1,Armazém C,1.5804864159896022,2025-12-05
P0210,214,115,6,Armazém C,1.744936878432978,2025-03-03
P0211,483,310,1,Armazém B,0.8007642853263313,2025-04-04
P0212,102,172,3,Armazém B,1.833331909484724,2025-12-07
P0213,103,280,5,Armazém C,0.983290175971944,2025-01-26
P0214,455,174,1,Armazém B,0.5201072213779865,2025-05-01
P0215,359,161,5,Armazém A,1.765087469493606,2025-02-19
P0216,141,321,1,Armazém A,1.91273190344709,2025-09-09
P0217,108,130,2,Armazém B,1.4833372961260232,2025-02-05
P0218,406,295,3,Armazém C,0.847154945695137,2025-10-16
P0219,244,396,1,Armazém B,0.8776166964237956,2025-04-10
P0220,196,377,4,Armazém C,1.1998893101534294,2025-11-20
P0221,375,264,1,Armazém B,1.8467466194021287,2025-11-25
P0222,241,284,2,Armazém B,0.7243964842213375,2025-05-16
P0223,377,131,4,Armazém B,1.7389605043752303,2025-07-13
P0224,126,343,4,Armazém A,0.9369542130577256,2025-08-09
P0225,142,359,1,Armazém A,1.7128792541436468,2025-10-06
P0226,230,125,2,Armazém C,1.880406796402308,2025-11-22
P0227,315,64,4,Armazém B,1.1412408079914802,2025-02-24
P0228,193,269,3,Armazém A,1.0475759811582963,2025-04-20
P0229,107,279,6,Armazém B,1.7033319784569527,2025-05-29
P0230,185,314,3,Armazém C,1.294224323569091,2025-09-22
P0231,444,313,5,Armazém A,1.5266735726947958,2025-06-11
P0232,237,159,5,Armazém C,1.4342438554417694,2025-07-06
P0233,468,356,2,Armazém A,0.7293332684671945,2025-05-09
P0234,345,249,4,Armazém B,1.7671855404343426,2025-04-18
P0235,120,275,3,Armazém C,0.7936626671197042,2025-03-09
P0236,364,234,3,Armazém A,1.8984232161061712,2025-03-07
P0237,247,80,6,Armazém A,0.8758569371332218,2025-05-24
P0238,283,151,2,Armazém B,1.600821459910613,2025-02-22
P0239,326,308,4,Armazém C,0.926983090240388,2025-05-08
P0240,391,148,2,Armazém C,0.9766781128802958,2025-11-17
P0241,135,388,1,Armazém C,0.965002779173458,2025-07-26
P0242,345,348,3,Armazém B,1.621838381039125,2025-11-16
P0243,172,334,2,Armazém A,1.3352226769540896,2025-08-04
P0244,249,315,2,Armazém A,1.8244286837712456,2025-03-09
P0245,100,189,6,Armazém C,0.9610590788060672,2025-03-03
P0246,168,351,1,Armazém A,1.5379887830851164,2025-07-29
P0247,392,335,5,Armazém C,1.629422899494666,2025-12-03
P0248,329,399,3,Armazém B,0.7272231695449373,2025-11-23
P0249,310,265,6,Armazém B,1.1008840359797167,2025-02-21
P0250,171,81,2,Armazém B,1.2242262415256169,2025-04-26
P0251,462,352,3,Armazém C,1.0335310848415615,2025-03-06
P0252,195,137,5,Armazém A,0.9831688939537072,2025-05-10
P0253,496,112,2,Armazém B,1.5296298409964628,2025-06-26
P0254,183,328,1,Armazém C,0.8237995964892328,2025-10-05
P0255,327,123,3,Armazém C,1.5640861178766932,2025-06-12
P0256,398,355,6,Armazém B,1.902566294586096,2025-11-28
P0257,335,173,1,Armazém B,1.3477962817666267,2025-06-01
P0258,392,318,5,Armazém B,1.417151355109211,2025-12-16
P0259,321,334,5,Armazém A,0.6033990531861336,2025-08-24
P0260,322,170,3,Armazém A,1.7967153554267423,2025-06-07
P0261,380,395,5,Armazém C,0.9281716807997984,2025-11-23
P0262,320,261,4,Armazém B,1.4225767482928473,2025-04-16
P0263,315,197,6,Armazém B,1.9686682546172036,2025-11-02
P0264,330,127,3,Armazém A,1.3932539008592115,2025-09-12
P0265,268,63,4,Armazém B,1.5870642311965664,2025-12-24
P0266,428,185,5,Armazém C,1.167979427335628,2025-04-23
P0267,141,353,3,Armazém B,0.590548765272586,2025-01-30
P0268,357,329,4,Armazém A,1.6963990242346827,2025-01-12
P0269,295,128,5,Armazém C,0.5524982618959785,2025-06-26
P0270,491,292,2,Armazém C,1.5509867433317812,2025-12-04
P0271,195,242,2,Armazém B,0.5343823597244555,2025-02-15
P0272,416,291,1,Armazém C,1.793457854865006,2025-06-20
P0273,113,100,2,Armazém B,0.7364540537494708,2025-05-10
P0274,212,281,4,Armazém B,1.2714072431638268,2025-09-02
P0275,176,308,6,Armazém A,1.395726056724721,2025-12-19
P0276,376,267,2,Armazém C,1.1863181110601182,2025-07-22
P0277,419,255,3,Armazém B,1.011145234023331,2025-08-14
P0278,259,363,3,Armazém B,1.2017214442714574,2025-03-21
P0279,412,360,3,Armazém B,0.967123630821738,2025-11-06
P0280,218,169,2,Armazém C,1.1571835206212948,2025-02-04
P0281,260,129,2,Armazém C,1.038369486497046,2025-02-21
P0282,407,91,1,Armazém C,1.349307235260718,2025-06-10
P0283,450,70,6,Armazém B,0.8568862433674752,2025-03-25
P0284,245,59,6,Armazém C,1.9829848323710189,2025-11-24
P0285,262,362,5,Armazém B,1.2513049300732484,2025-01-26
P0286,495,202,1,Armazém C,0.7912431161217645,2025-08-13
P0287,278,361,4,Armazém C,1.2156001243509087,2025-11-13
P0288,188,343,3,Armazém B,1.7996226942872364,2025-06-03
P0289,322,135,2,Armazém C,0.5327101896865933,2025-10-20
P0290,365,162,5,Armazém B,1.5193311786609331,2025-04-05
P0291,338,238,5,Armazém C,1.321951695190892,2025-08-13
P0292,407,161,2,Armazém C,0.7543369915552033,2025-09-24
P0293,133,224,1,Armazém C,1.726214658957381,2025-02-10
P0294,470,359,5,Armazém C,1.0533269335610085,2025-05-13
P0295,266,351,6,Armazém A,0.9407030432232611,2025-03-07
P0296,491,53,1,Armazém B,1.7421877877853515,2025-07-29
P0297,224,271,2,Armazém A,1.4577875692874969,2025-06-02
P0298,323,270,1,Armazém C,1.8473886255122367,2025-06-21
P0299,249,220,6,Armazém C,1.444825555506799,2025-11-21
P0300,288,367,3,Armazém B,1.611226486898173,2025-02-28
P0301,142,262,2,Armazém B,1.7546688443894194,2025-07-03
P0302,128,302,6,Armazém B,0.5821094538649054,2025-06-29
P0303,461,173,2,Armazém B,1.6640734383040705,2025-11-18
P0304,219,177,6,Armazém C,1.4205597227743652,2025-11-20
P0305,436,262,6,Armazém B,0.6042616947727899,2025-01-12
P0306,130,161,5,Armazém A,1.262866882803073,2025-03-09
P0307,280,134,5,Armazém B,0.6236871169759308,2025-11-25
P0308,261,53,5,Armazém B,1.6039208025848335,2025-07-21
P0309,227,114,3,Armazém A,1.3197525708468243,2025-01-06
P0310,354,367,3,Armazém A,1.930360306118446,2025-01-15
P0311,393,395,6,Armazém A,0.7747030573576548,2025-02-11
P0312,456,169,4,Armazém A,1.4090501787805676,2025-01-31
P0313,487,292,2,Armazém B,0.817373201855737,2025-06-30
P0314,353,186,5,Armazém A,1.4210974770910976,2025-09-19
P0315,229,296,2,Armazém C,1.5839745535412848,2025-10-16
P0316,111,94,6,Armazém B,1.583456493994308,2025-01-21
P0317,134,195,1,Armazém C,1.722610986023915,2025-07-01
P0318,297,225,6,Armazém B,1.7803253419374752,2025-07-03
P0319,347,91,3,Armazém B,0.6159075894007655,2025-09-01
P0320,209,346,4,Armazém C,1.0149007356086062,2025-12-16
P0321,427,138,1,Armazém A,1.5306837805397089,2025-05-29
P0322,344,267,2,Armazém A,1.2478794310868182,2025-09-13
P0323,349,277,3,Armazém C,0.7860139201321872,2025-04-10
P0324,465,347,5,Armazém A,1.329064355250047,2025-02-24
P0325,416,340,1,Armazém B,1.1111534791492157,2025-07-05
P0326,262,116,3,Armazém B,1.0850574164814577,2025-11-16
P0327,147,300,2,Armazém B,1.7146305761534957,2025-03-27
P0328,498,90,6,Armazém A,1.111397500748272,2025-06-23
P0329,170,148,2,Armazém A,0.5396817582206362,2025-01-22
P0330,498,355,1,Armazém C,0.5870950083366369,2025-09-01
P0331,233,391,1,Armazém B,1.7843660625374305,2025-03-01
P0332,338,128,6,Armazém C,1.9409012150187817,2025-04-14
P0333,167,350,1,Armazém A,1.5326140046835612,2025-05-19
P0334,377,248,4,Armazém C,1.0465524411501204,2025-10-30
P0335,131,196,5,Armazém A,1.9079004736920917,2025-06-08
P0336,222,155,3,Armazém B,1.4942046295636038,2025-08-20
P0337,121,242,6,Armazém B,1.7665003237990065,2025-03-18
P0338,254,171,2,Armazém A,1.648778456055514,2025-01-18
P0339,209,126,2,Armazém A,1.0687089736588886,2025-01-22
P0340,370,361,5,Armazém A,1.2180533012761785,2025-07-03
P0341,479,161,1,Armazém B,0.7791982315521493,2025-05-25
P0342,399,398,1,Armazém A,0.9380211506611013,2025-02-07
P0343,214,346,2,Armazém B,1.6671884919297826,2025-10-08
P0344,319,219,5,Armazém C,1.8409675878246623,2025-10-15
P0345,329,55,2,Armazém B,1.5866906348771177,2025-05-23
P0346,351,246,1,Armazém C,1.1977605449849575,2025-01-13
P0347,348,147,6,Armazém B,0.6297639034096213,2025-07-05
P0348,108,378,3,Armazém B,0.5854219230476723,2025-09-24
P0349,133,279,1,Armazém A,1.0614883469192806,2025-09-26
P0350,327,217,6,Armazém B,1.1957325781514947,2025-04-07
P0351,172,346,3,Armazém A,1.4136809333199454,2025-12-23
P0352,498,314,4,Armazém A,0.5097342820804958,2025-10-21
P0353,400,57,5,Armazém A,1.9845843356994597,2025-01-01
P0354,311,221,6,Armazém B,1.0459083251060644,2025-10-22
P0355,171,244,4,Armazém A,1.7721419957016822,2025-01-27
P0356,157,318,1,Armazém C,1.302450058498107,2025-02-05
P0357,319,68,5,Armazém C,0.6956591818000197,2025-06-09
P0358,470,98,6,Armazém B,1.6963483288017829,2025-01-31
P0359,374,387,1,Armazém A,1.564740612379814,2025-05-07
P0360,348,207,5,Armazém C,1.291154127393842,2025-09-19
P0361,115,115,5,Armazém B,1.27182963700067,2025-12-11
P0362,174,396,1,Armazém B,0.631219408626392,2025-07-29
P0363,205,108,1,Armazém B,1.483773422860811,2025-05-30
P0364,235,358,6,Armazém B,1.8668677336314496,2025-01-31
P0365,173,357,5,Armazém B,0.6398673788320375,2025-04-10
P0366,353,386,6,Armazém A,0.8952671759733574,2025-11-25
P0367,117,208,5,Armazém A,1.853461960163148,2025-10-29
P0368,142,320,6,Armazém A,0.92651586472969,2025-12-19
P0369,149,170,1,Armazém A,1.4809155082698895,2025-08-07
P0370,102,303,1,Armazém B,1.3022272474147163,2025-09-10
P0371,331,310,2,Armazém B,1.394491407505793,2025-06-20
P0372,318,184,6,Armazém C,1.1236833523658798,2025-09-14
P0373,158,323,2,Armazém C,0.9499872058305668,2025-02-26
P0374,383,105,2,Armazém A,0.5728001760945034,2025-01-09
P0375,401,380,4,Armazém B,1.6164214089412463,2025-01-05
P0376,163,145,5,Armazém C,1.61914019329134,2025-12-01
P0377,169,163,3,Armazém C,1.5060886101180848,2025-04-24
P0378,402,77,4,Armazém C,1.4654506821794309,2025-09-22
P0379,241,355,5,Armazém C,0.8655756982512893,2025-06-22
P0380,490,51,3,Armazém A,0.5335174006494368,2025-08-08
P0381,301,261,2,Armazém B,1.7130730953281597,2025-07-24
P0382,306,117,3,Armazém A,1.2367078035437404,2025-01-24
P0383,320,177,1,Armazém C,0.9602571960539276,2025-06-19
P0384,461,382,1,Armazém C,0.652897860170855,2025-04-13
P0385,345,73,6,Armazém B,0.5940823863520825,2025-03-01
P0386,180,302,5,Armazém B,1.0233000826927658,2025-03-27
P0387,350,279,4,Armazém A,1.7071055971504108,2025-09-12
P0388,150,225,2,Armazém B,1.8780856240007455,2025-06-14
P0389,384,270,5,Armazém A,1.845127046919597,2025-06-16
P0390,468,85,2,Armazém A,1.8800012521244824,2025-03-25
P0391,498,51,1,Armazém C,1.861588014694014,2025-07-21
P0392,483,323,4,Armazém A,1.290837127400594,2025-03-31
P0393,445,226,4,Armazém C,0.8291234578353557,2025-03-30
P0394,303,313,1,Armazém A,1.6970698742552306,2025-04-30
P0395,124,235,3,Armazém A,0.8205694622788685,2025-06-05
P0396,140,64,4,Armazém B,0.9008109151348536,2025-07-07
P0397,168,328,3,Armazém B,0.8498814827338227,2025-07-07
P0398,103,243,2,Armazém C,1.2724736055437087,2025-09-19
P0399,339,247,4,Armazém B,0.9827412622536198,2025-02-21
P0400,460,398,6,Armazém A,0.7312340744380121,2025-05-20
P0401,130,354,1,Armazém C,1.1797601178408237,2025-01-19
P0402,486,113,3,Armazém C,1.8108608581777503,2025-03-16
P0403,216,339,6,Armazém C,1.3558292824249585,2025-08-18
P0404,294,67,2,Armazém A,1.8175034088313808,2025-05-10
P0405,189,113,2,Armazém B,0.7938082776187061,2025-02-24
P0406,277,379,4,Armazém C,0.7504608105088311,2025-09-28
P0407,244,300,4,Armazém A,1.3633656885476304,2025-04-10
P0408,301,66,6,Armazém B,1.1949933523194096,2025-03-10
P0409,421,190,5,Armazém B,1.4902589624704352,2025-10-26
P0410,443,357,5,Armazém C,1.6919401865401724,2025-01-17
P0411,302,369,4,Armazém A,1.6269609434782648,2025-12-20
P0412,123,294,5,Armazém B,1.9133917604878417,2025-04-26
P0413,454,339,1,Armazém A,1.0973846137355174,2025-06-01
P0414,204,136,6,Armazém B,0.8095801133722711,2025-11-26
P0415,374,248,1,Armazém C,1.326368959921829,2025-04-26
P0416,421,210,5,Armazém C,0.6661146802867783,2025-01-30
P0417,159,189,4,Armazém B,0.9332766849974472,2025-11-19
P0418,470,125,1,Armazém A,0.8118320828947168,2025-02-20
P0419,114,68,2,Armazém B,1.0948455751956214,2025-03-01
P0420,184,379,4,Armazém A,0.6668248625033231,2025-08-17
P0421,296,99,6,Armazém B,0.5477626168221468,2025-09-16
P0422,334,281,3,Armazém C,1.4851910069450476,2025-12-26
P0423,443,344,3,Armazém A,1.4153734674347072,2025-01-05
P0424,362,61,4,Armazém C,1.5625384040579915,2025-01-28
P0425,105,384,5,Armazém A,1.490579660407016,2025-09-11
P0426,480,64,1,Armazém B,0.6714420217135753,2025-12-30
P0427,388,77,1,Armazém C,0.9366183220634694,2025-08-19
P0428,157,341,4,Armazém C,0.6942899148505286,2025-12-23
P0429,244,370,2,Armazém A,1.7644586030728449,2025-07-19
P0430,465,299,6,Armazém A,1.620355483033285,2025-11-28
P0431,141,147,5,Armazém A,0.8022905043773636,2025-09-28
P0432,449,352,2,Armazém C,1.01196386073484,2025-12-05
P0433,299,386,4,Armazém B,1.949922488396321,2025-10-31
P0434,273,88,4,Armazém A,1.3912390368194771,2025-02-15
P0435,484,87,2,Armazém B,1.7017333959517358,2025-01-28
P0436,434,349,3,Armazém A,0.8968865521530938,2025-01-07
P0437,194,228,4,Armazém B,0.8150793802689578,2025-08-20
P0438,316,146,6,Armazém A,1.6758753932698225,2025-07-18
P0439,210,331,5,Armazém B,1.5288086828471603,2025-04-04
P0440,452,287,2,Armazém C,1.5214668938176454,2025-03-23
P0441,279,213,3,Armazém A,1.3289518727437908,2025-03-29
P0442,262,146,2,Armazém A,1.3453675141648231,2025-07-05
P0443,218,306,3,Armazém C,1.6035462579593809,2025-08-31
P0444,424,358,3,Armazém A,0.905003721681793,2025-03-09
P0445,488,311,6,Armazém A,1.0291526987854336,2025-11-07
P0446,327,342,5,Armazém C,1.8074551557800824,2025-07-06
P0447,244,307,4,Armazém C,0.9632978015182366,2025-08-27
P0448,407,298,3,Armazém B,1.3194643570689486,2025-08-06
P0449,241,294,4,Armazém C,1.553959196010026,2025-04-18
P0450,221,300,5,Armazém C,1.9998872402497647,2025-11-03
P0451,384,172,4,Armazém A,1.152936997242998,2025-02-07
P0452,491,374,6,Armazém C,1.1421393149374155,2025-12-15
P0453,325,218,6,Armazém A,1.7638825691505011,2025-10-03
P0454,459,224,1,Armazém C,1.7082546668897949,2025-01-10
P0455,356,318,6,Armazém C,1.5966138226018227,2025-01-26
P0456,384,253,3,Armazém B,1.1948444561135434,2025-02-17
P0457,264,374,5,Armazém C,0.9859086802410736,2025-12-13
P0458,320,115,6,Armazém C,1.413095723877273,2025-01-14
P0459,168,364,2,Armazém A,1.8143349396974613,2025-04-10
P0460,408,373,5,Armazém A,1.82566618731288,2025-07-06
P0461,323,108,3,Armazém B,0.6627475176056576,2025-01-12
P0462,223,268,5,Armazém C,1.142525425719726,2025-10-06
P0463,443,315,6,Armazém A,1.1970829342981242,2025-12-07
P0464,438,190,2,Armazém C,1.9664230512856296,2025-11-24
P0465,111,285,1,Armazém B,1.5169970228638767,2025-06-16
P0466,151,267,3,Armazém A,1.110869625893106,2025-05-02
P0467,228,64,3,Armazém A,0.5390868289783894,2025-04-05
P0468,234,351,5,Armazém B,1.3480777401487938,2025-01-25
P0469,244,187,4,Armazém C,0.6441139634575341,2025-01-17
P0470,226,281,4,Armazém A,1.7516749360216446,2025-01-29
P0471,325,138,2,Armazém A,1.628777990855543,2025-11-19
P0472,170,126,1,Armazém B,1.190763739862268,2025-12-07
P0473,372,185,1,Armazém B,1.1438161693125497,2025-11-09
P0474,286,159,5,Armazém B,1.8460084483531527,2025-03-13
P0475,102,350,5,Armazém C,0.9326875256271926,2025-09-27
P0476,384,140,4,Armazém C,0.8735299431601562,2025-09-07
P0477,121,239,6,Armazém C,1.9087961492386432,2025-10-22
P0478,265,122,1,Armazém B,1.713868755130224,2025-05-24
P0479,409,222,6,Armazém A,1.730938389600792,2025-10-01
P0480,462,84,1,Armazém C,0.7927907214138883,2025-08-11
P0481,345,259,6,Armazém B,0.7149439871464016,2025-03-16
P0482,333,347,6,Armazém C,0.5390443247257024,2025-04-12
P0483,424,182,1,Armazém A,0.85556226337802,2025-01-20
P0484,257,332,2,Armazém A,1.6612857375714871,2025-04-27
P0485,250,247,2,Armazém B,0.8600576281462247,2025-06-23
P0486,312,81,5,Armazém A,1.5936549253923142,2025-06-22
P0487,475,185,6,Armazém B,0.8778623980511322,2025-01-04
P0488,317,297,6,Armazém B,1.0929387469260077,2025-12-06
P0489,345,390,6,Armazém B,1.974743434867113,2025-05-28
P0490,402,195,6,Armazém B,0.8672175969262034,2025-04-24
P0491,375,383,6,Armazém A,1.0645559409474017,2025-11-17
P0492,250,192,4,Armazém A,0.9516307706978204,2025-06-16
P0493,295,283,3,Armazém A,0.6644374794950034,2025-10-27
P0494,120,93,6,Armazém A,1.2348412131962374,2025-04-28
P0495,356,81,4,Armazém B,1.0680359949995033,2025-04-10
P0496,498,280,2,Armazém B,1.5423306287109202,2025-10-01
P0497,116,77,6,Armazém A,1.7263918204273194,2025-06-24
P0498,150,209,2,Armazém C,1.3163745717434578,2025-06-08
P0499,369,382,5,Armazém C,0.5482946331310052,2025-08-15
P0500,414,256,3,Armazém C,1.4283835343520823,2025-02-07
P0501,182,67,1,Armazém A,0.5830860950314087,2025-07-17
P0502,405,152,3,Armazém B,1.424534485398537,2025-05-16
P0503,223,119,6,Armazém B,1.5275449239037826,2025-04-14
P0504,389,168,6,Armazém C,0.7966514414262776,2025-07-12
P0505,361,188,3,Armazém C,1.7290192230826564,2025-09-07
P0506,464,209,3,Armazém B,1.866627697361073,2025-01-13
P0507,148,281,5,Armazém C,1.7196304461707297,2025-02-24
P0508,105,197,2,Armazém C,0.9576637853181232,2025-12-10
P0509,216,292,1,Armazém B,1.3799645186684515,2025-03-26
P0510,217,84,3,Armazém C,1.8722227237868416,2025-04-19
P0511,362,374,1,Armazém C,0.9809970893342748,2025-02-12
P0512,452,288,3,Armazém A,1.7300417333981375,2025-03-12
P0513,473,383,2,Armazém C,0.5142126968925448,2025-09-25
P0514,228,198,1,Armazém A,0.5054700541770144,2025-02-28
P0515,496,160,4,Armazém B,1.6395674905084512,2025-02-13
P0516,270,66,2,Armazém A,1.6421713731906815,2025-09-29
P0517,126,275,1,Armazém B,1.6834657817784406,2025-01-14
P0518,298,189,3,Armazém A,1.8950402568322435,2025-04-22
P0519,471,193,3,Armazém A,0.6768594677304263,2025-11-10
P0520,486,309,2,Armazém A,0.8479774774755325,2025-08-16
P0521,413,266,2,Armazém C,1.8555873805607117,2025-06-18
P0522,444,211,3,Armazém C,0.7658542966585302,2025-10-18
P0523,196,141,1,Armazém C,1.523343901364876,2025-09-03
P0524,116,223,4,Armazém C,1.295694500061223,2025-09-23
P0525,272,380,5,Armazém C,0.6247905152772608,2025-12-03
P0526,200,254,2,Armazém A,0.9278954929122992,2025-08-31
P0527,285,202,3,Armazém C,1.2805583246614518,2025-06-07
P0528,283,152,1,Armazém B,1.7785251750257511,2025-10-27
P0529,314,251,2,Armazém A,1.5613077344220103,2025-11-23
P0530,350,329,1,Armazém A,1.4328247421823996,2025-01-18
P0531,315,114,2,Armazém B,1.2440493349121222,2025-03-24
P0532,128,166,3,Armazém C,0.9480259757212016,2025-12-01
P0533,201,202,1,Armazém B,0.6788673669788918,2025-08-19
P0534,222,205,3,Armazém A,1.1136140518491433,2025-12-08
P0535,153,213,1,Armazém A,0.5427777408669389,2025-09-10
P0536,382,131,2,Armazém A,0.8165838339002759,2025-06-16
P0537,201,55,5,Armazém B,1.14872506380899,2025-02-11
P0538,216,371,5,Armazém C,1.1279077785078726,2025-09-06
P0539,203,116,4,Armazém A,0.5664431464954887,2025-09-05
P0540,144,287,4,Armazém C,1.383590230287937,2025-10-13
P0541,213,121,6,Armazém A,1.3245263837798542,2025-01-20
P0542,442,144,3,Armazém C,0.6171564560313693,2025-12-18
P0543,130,353,1,Armazém B,1.914744578690659,2025-02-11
P0544,263,375,4,Armazém A,0.6490741684262902,2025-12-11
P0545,288,127,2,Armazém A,1.7822512268560042,2025-03-28
P0546,392,116,5,Armazém A,0.5004645978725089,2025-09-18
P0547,294,225,1,Armazém B,1.8234216425680747,2025-11-02
P0548,391,370,6,Armazém B,0.5295795983064688,2025-10-24
P0549,474,221,5,Armazém C,1.636718047838174,2025-12-16
P0550,360,304,1,Armazém B,1.0425362169503791,2025-08-28
P0551,306,112,4,Armazém A,1.6073252002044798,2025-06-16
P0552,151,351,4,Armazém C,1.1026178081374678,2025-11-09
P0553,148,295,3,Armazém B,0.6063618834977627,2025-08-07
P0554,105,241,6,Armazém C,1.6512600430930462,2025-05-13
P0555,478,378,1,Armazém C,0.6068790279820475,2025-07-26
P0556,493,120,6,Armazém C,1.883180653941827,2025-02-20
P0557,473,278,2,Armazém A,0.5764610536874921,2025-04-16
P0558,323,112,6,Armazém A,1.2189879166572732,2025-07-03
P0559,122,346,4,Armazém B,1.5845516462761935,2025-07-20
P0560,244,294,3,Armazém A,1.0898696971880566,2025-01-11
P0561,209,56,4,Armazém C,0.825850211888652,2025-09-11
P0562,311,309,5,Armazém C,1.6386364420940405,2025-05-30
P0563,399,138,4,Armazém A,1.6764420571830896,2025-12-20
P0564,140,226,1,Armazém C,1.8840424759315508,2025-12-21
P0565,498,253,3,Armazém A,1.0642476656466164,2025-04-06
P0566,271,183,1,Armazém C,1.2593776017459903,2025-04-16
P0567,285,131,2,Armazém B,1.044692664269108,2025-05-23
P0568,313,70,2,Armazém B,0.8856227327770523,2025-06-15
P0569,405,177,4,Armazém A,1.6265494423064129,2025-01-01
P0570,151,244,3,Armazém A,1.0094777675254332,2025-02-15
P0571,169,243,6,Armazém A,1.142224162988528,2025-08-30
P0572,295,233,3,Armazém A,1.105510486436042,2025-12-10
P0573,250,296,3,Armazém A,1.5689918384701187,2025-10-05
P0574,208,373,3,Armazém C,1.87669343916602,2025-01-03
P0575,217,209,4,Armazém B,1.500134091961066,2025-05-22
P0576,464,243,1,Armazém C,1.207373894141349,2025-03-02
P0577,194,159,4,Armazém B,1.6688076721083251,2025-10-21
P0578,355,115,6,Armazém C,1.4614569861832063,2025-08-13
P0579,143,303,1,Armazém C,0.5909155356767202,2025-10-29
P0580,166,332,6,Armazém C,0.6434953796282625,2025-06-19
P0581,255,109,5,Armazém A,0.55687541611045,2025-05-14
P0582,422,167,5,Armazém B,1.18522448930948,2025-02-10
P0583,305,93,1,Armazém A,1.7387801515084471,2025-08-19
P0584,373,259,4,Armazém A,0.969624754027028,2025-08-14
P0585,254,85,6,Armazém C,1.0762402746387223,2025-05-19
P0586,278,68,6,Armazém B,1.864215662551836,2025-04-20
P0587,159,140,2,Armazém B,1.755355167974982,2025-10-24
P0588,173,350,6,Armazém B,1.49757216857384,2025-02-26
P0589,148,261,4,Armazém B,0.900205673138377,2025-05-03
P0590,370,271,2,Armazém A,0.6755622240326653,2025-08-28
P0591,172,266,4,Armazém A,0.5240882340201706,2025-03-27
P0592,295,272,3,Armazém B,0.6605160089066313,2025-06-25
P0593,498,147,6,Armazém A,0.9388946654359142,2025-03-04
P0594,278,68,3,Armazém B,1.3276850953692434,2025-02-08
P0595,147,346,5,Armazém A,0.5960001241285804,2025-05-18
P0596,171,75,5,Armazém C,0.7043416674776735,2025-08-29
P0597,212,77,1,Armazém C,0.7716210534619116,2025-08-14
P0598,344,113,6,Armazém B,1.447973139474959,2025-07-25
P0599,484,373,2,Armazém B,1.4236846984701867,2025-06-13
P0600,490,272,3,Armazém A,1.3261485895582297,2025-01-27
P0601,408,129,4,Armazém B,0.8757521370439094,2025-07-02
P0602,258,100,6,Armazém B,1.056679536828098,2025-07-17
P0603,373,151,1,Armazém A,0.6450345745066146,2025-12-03
P0604,367,225,4,Armazém B,0.8396909056370823,2025-04-17
P0605,403,59,3,Armazém B,1.8465578397088709,2025-07-08
P0606,129,286,6,Armazém C,1.9695376196537424,2025-02-05
P0607,196,149,3,Armazém C,1.471489378460442,2025-03-26
P0608,350,277,6,Armazém C,1.8752349380351303,2025-06-04
P0609,106,113,6,Armazém B,1.4641128506021377,2025-06-18
P0610,191,68,3,Armazém A,0.5497947291582048,2025-10-11
P0611,212,381,3,Armazém C,1.9951438774796133,2025-09-29
P0612,358,367,4,Armazém B,0.6484284525298023,2025-02-04
P0613,206,190,1,Armazém C,1.523962702167591,2025-07-03
P0614,162,74,3,Armazém A,0.879254304612185,2025-04-09
P0615,489,277,5,Armazém A,1.0879716693604402,2025-08-25
P0616,457,138,1,Armazém A,1.4689012772014074,2025-05-02
P0617,370,141,5,Armazém A,1.154731023961561,2025-01-23
P0618,298,91,4,Armazém A,0.8758190883966923,2025-03-04
P0619,446,344,3,Armazém A,1.0016692803174871,2025-11-22
P0620,436,130,1,Armazém B,1.0123221753847644,2025-05-30
P0621,245,156,3,Armazém C,1.9389858567623208,2025-07-14
P0622,160,160,6,Armazém A,1.6979195238851763,2025-03-21
P0623,219,326,3,Armazém C,1.1878231572191005,2025-11-11
P0624,160,263,1,Armazém C,0.7997313805120462,2025-06-02
P0625,408,280,3,Armazém B,1.716524165393984,2025-01-17
P0626,125,355,3,Armazém A,0.7357737074125603,2025-02-08
P0627,214,170,2,Armazém A,0.8156933257130051,2025-11-29
P0628,139,183,2,Armazém B,1.0490200877602267,2025-12-14
P0629,443,355,1,Armazém B,1.820522293777985,2025-07-21
P0630,215,257,1,Armazém B,0.6976800029511654,2025-10-07
P0631,235,306,6,Armazém B,0.6833512892817891,2025-03-29
P0632,376,234,6,Armazém B,1.240962482457899,2025-10-27
P0633,398,335,3,Armazém C,0.914615811640512,2025-10-19
P0634,120,229,5,Armazém B,1.3530919124722398,2025-12-21
P0635,486,97,1,Armazém A,1.1774550270248352,2025-03-11
P0636,130,136,3,Armazém A,1.1524386595268252,2025-05-04
P0637,346,68,5,Armazém B,0.66795945573049,2025-03-21
P0638,126,95,2,Armazém B,0.7115745353747602,2025-02-14
P0639,172,105,6,Armazém B,1.731617866170275,2025-08-21
P0640,196,278,1,Armazém B,1.8288241063576165,2025-06-03
P0641,260,194,3,Armazém B,0.8520252993278754,2025-06-29
P0642,445,141,2,Armazém A,0.6701907522871535,2025-01-31
P0643,399,131,4,Armazém C,0.5801250079017659,2025-03-26
P0644,398,274,2,Armazém B,1.4124464206128453,2025-02-14
P0645,386,128,3,Armazém B,1.5730298187503085,2025-11-19
P0646,472,199,6,Armazém B,1.0592149838048082,2025-11-28
P0647,311,332,5,Armazém A,1.5195138012359592,2025-08-31
P0648,175,360,4,Armazém A,1.5694382233392892,2025-02-09
P0649,242,209,4,Armazém C,1.903013422095358,2025-07-01
P0650,133,365,6,Armazém C,0.5973104567526608,2025-10-24
P0651,435,205,4,Armazém C,0.7884375848466196,2025-03-22
P0652,103,205,1,Armazém C,0.6027889813954822,2025-02-07
P0653,427,251,3,Armazém A,1.8019909000041656,2025-12-22
P0654,197,390,4,Armazém C,1.6888807400503527,2025-02-26
P0655,465,391,2,Armazém B,1.3619631059327586,2025-11-18
P0656,316,166,5,Armazém A,0.6254951150767747,2025-01-30
P0657,127,203,3,Armazém A,0.9099685379805794,2025-09-23
P0658,300,380,6,Armazém A,0.9465797720877752,2025-08-15
P0659,485,168,2,Armazém B,1.3411147940231256,2025-11-13
P0660,372,248,1,Armazém A,0.8870658410550731,2025-10-19
P0661,413,312,4,Armazém B,0.6094397958694322,2025-02-23
P0662,226,233,2,Armazém C,1.5961434527799492,2025-04-07
P0663,301,197,3,Armazém A,0.9486203174831168,2025-01-04
P0664,108,215,2,Armazém B,1.1785612655349509,2025-11-06
P0665,386,124,1,Armazém A,0.691499952473458,2025-04-01
P0666,187,285,5,Armazém C,1.7038224550918697,2025-03-30
P0667,417,363,4,Armazém A,1.3482978153860865,2025-11-16
P0668,118,321,3,Armazém C,1.8523784393147944,2025-04-02
P0669,180,228,4,Armazém A,1.243207344598,2025-05-30
P0670,206,332,4,Armazém B,1.91213850772682,2025-08-22
P0671,410,100,6,Armazém C,1.837802306571989,2025-12-03
P0672,329,124,4,Armazém A,1.3646897846888508,2025-02-28
P0673,211,193,2,Armazém C,1.900840157224795,2025-07-04
P0674,319,392,2,Armazém C,0.9846331209418284,2025-02-13
P0675,222,237,5,Armazém B,1.048463244056317,2025-06-29
P0676,343,172,1,Armazém B,0.5682169269590553,2025-03-17
P0677,277,381,3,Armazém B,1.3838013601457797,2025-05-24
P0678,164,300,2,Armazém B,1.5828859548934,2025-04-11
P0679,479,345,4,Armazém C,1.6602787853631549,2025-09-29
P0680,102,372,1,Armazém C,0.724724429069155,2025-02-24
P0681,306,179,3,Armazém A,1.1662386084687504,2025-07-08
P0682,493,301,3,Armazém A,0.7652948181408734,2025-12-17
P0683,120,229,3,Armazém A,1.4931910232813732,2025-12-01
P0684,392,398,3,Armazém B,0.7369195586326522,2025-03-18
P0685,114,159,5,Armazém C,1.8562455259341124,2025-10-23
P0686,442,387,3,Armazém C,0.84595196849212,2025-08-07
P0687,305,127,1,Armazém A,0.9371033994323672,2025-10-04
P0688,301,51,2,Armazém A,1.7763594832264995,2025-03-07
P0689,219,370,1,Armazém C,1.1877014152185856,2025-05-16
P0690,236,325,4,Armazém B,0.5359939187001095,2025-08-22
P0691,399,339,6,Armazém A,1.2418793768039686,2025-07-18
P0692,394,346,5,Armazém A,0.6268150030701846,2025-09-23
P0693,488,218,5,Armazém C,1.978017078030966,2025-02-12
P0694,124,289,4,Armazém C,1.3821673556834035,2025-12-27
P0695,411,72,1,Armazém A,0.8847989264164677,2025-08-16
P0696,333,343,1,Armazém A,1.3455765193214266,2025-08-15
P0697,220,221,4,Armazém B,0.6153006550726323,2025-03-04
P0698,189,372,6,Armazém B,1.6998369564032256,2025-06-20
P0699,419,367,3,Armazém B,1.8879920807962456,2025-09-07
P0700,299,335,3,Armazém B,1.8116665823092395,2025-12-04
P0701,279,392,2,Armazém A,1.012636403447844,2025-09-07
P0702,444,242,1,Armazém A,0.9886521794650528,2025-11-03
P0703,467,218,1,Armazém A,0.5526314168244499,2025-08-26
P0704,175,167,4,Armazém B,1.477100538051375,2025-02-25
P0705,236,55,4,Armazém A,1.3023571762846924,2025-06-20
P0706,237,380,3,Armazém C,1.189019556991012,2025-02-03
P0707,109,181,1,Armazém B,1.8614464300020608,2025-11-11
P0708,300,142,1,Armazém C,0.7518183516242695,2025-05-10
P0709,417,300,5,Armazém B,0.5144994000352735,2025-05-10
P0710,445,59,2,Armazém A,0.6099746781811481,2025-05-31
P0711,318,100,2,Armazém B,0.8350571567410534,2025-05-23
P0712,159,398,3,Armazém C,0.5499283238951854,2025-04-28
P0713,246,343,6,Armazém B,1.2542655659647033,2025-07-23
P0714,206,178,1,Armazém C,0.971135682850367,2025-08-23
P0715,137,298,5,Armazém A,0.770724512102199,2025-01-17
P0716,233,151,1,Armazém C,1.6251261124229932,2025-03-23
P0717,498,386,4,Armazém A,0.8066769893487951,2025-01-14
P0718,320,132,3,Armazém C,1.5314076514906898,2025-03-22
P0719,402,240,6,Armazém A,1.0238973587714584,2025-07-26
P0720,232,192,2,Armazém C,1.2677416409938318,2025-07-23
P0721,433,286,1,Armazém A,1.90080055977698,2025-09-29
P0722,152,336,6,Armazém A,0.5560274522237192,2025-02-01
P0723,161,326,3,Armazém A,1.2503967612161928,2025-01-23
P0724,122,340,2,Armazém C,1.7816344404914273,2025-04-12
P0725,143,218,1,Armazém C,1.3819613725555229,2025-06-11
P0726,407,193,5,Armazém A,0.915305775447735,2025-04-08
P0727,145,233,3,Armazém B,1.0965217027175516,2025-05-24
P0728,246,94,1,Armazém A,1.520398443092862,2025-04-14
P0729,315,292,2,Armazém B,1.8362178414707049,2025-11-20
P0730,439,364,2,Armazém A,0.5615995606199173,2025-06-20
P0731,146,317,5,Armazém C,0.6073082328355646,2025-03-05
P0732,446,302,3,Armazém B,0.9875772854143814,2025-09-01
P0733,407,338,3,Armazém C,0.8491695266562185,2025-03-12
P0734,123,261,6,Armazém B,0.897396329333609,2025-10-01
P0735,244,226,1,Armazém B,0.8319049979388213,2025-05-05
P0736,188,70,6,Armazém B,0.7937375732827365,2025-11-13
P0737,273,365,2,Armazém B,0.6959359503039377,2025-11-27
P0738,163,101,2,Armazém C,1.900931197692857,2025-04-17
P0739,218,282,5,Armazém B,0.7162841958592296,2025-05-28
P0740,322,172,5,Armazém A,0.8066056621483042,2025-07-11
P0741,255,149,3,Armazém A,0.8693985859711786,2025-12-03
P0742,277,263,6,Armazém B,1.8995223096956309,2025-08-14
P0743,419,376,2,Armazém C,1.6335712004016272,2025-08-30
P0744,441,184,1,Armazém C,1.6845491454732722,2025-12-28
P0745,155,367,4,Armazém B,0.657137389307747,2025-10-11
P0746,158,267,1,Armazém C,1.7544648125235076,2025-06-12
P0747,488,137,5,Armazém C,1.112289622726127,2025-01-08
P0748,480,329,1,Armazém C,0.8942345393185831,2025-12-13
P0749,319,89,2,Armazém B,1.363625125280466,2025-06-01
P0750,284,289,6,Armazém A,1.733274358725101,2025-11-18
P0751,146,381,3,Armazém A,1.6679782266123642,2025-04-05
P0752,476,185,6,Armazém A,1.834996223871698,2025-08-02
P0753,201,231,4,Armazém A,1.892198279023166,2025-03-05
P0754,143,314,3,Armazém A,0.8571831071416243,2025-03-06
P0755,114,308,4,Armazém C,1.1357868412539074,2025-09-27
P0756,335,231,4,Armazém C,0.521942808807605,2025-01-25
P0757,460,70,2,Armazém C,1.81898248889759,2025-04-10
P0758,150,245,2,Armazém B,0.7318582272121513,2025-04-15
P0759,408,261,5,Armazém C,1.7922122185140414,2025-05-11
P0760,133,65,5,Armazém A,0.9940809829798946,2025-11-17
P0761,223,251,4,Armazém C,1.0522003849717074,2025-01-19
P0762,176,267,6,Armazém A,0.5586983817257891,2025-08-13
P0763,491,142,5,Armazém C,0.9903181846479794,2025-04-16
P0764,222,182,2,Armazém A,1.832545524201896,2025-02-23
P0765,304,188,5,Armazém C,0.5383211016824062,2025-08-14
P0766,327,206,4,Armazém A,1.109491209570088,2025-12-26
P0767,169,384,3,Armazém A,0.5470994447191118,2025-01-15
P0768,329,119,6,Armazém B,1.0563851376635975,2025-02-17
P0769,120,353,6,Armazém C,0.7589609611704368,2025-05-19
P0770,207,64,1,Armazém A,0.878327589902558,2025-02-03
P0771,463,284,5,Armazém C,1.8163975597421285,2025-12-21
P0772,340,261,6,Armazém A,1.1540738309328364,2025-07-29
P0773,350,339,2,Armazém B,0.9106969871028684,2025-01-19
P0774,234,109,3,Armazém B,1.3840075669258216,2025-07-15
P0775,189,301,2,Armazém B,0.7131604397488736,2025-11-22
P0776,178,51,5,Armazém B,0.8890874111312839,2025-04-25
P0777,276,285,4,Armazém A,1.3193719514043327,2025-12-18
P0778,397,385,1,Armazém C,0.8562845627721032,2025-03-16
P0779,407,68,1,Armazém B,1.51869160610131,2025-05-30
P0780,201,98,3,Armazém B,1.2372369533892835,2025-02-05
P0781,460,127,6,Armazém B,1.6579836053820365,2025-08-30
P0782,434,77,6,Armazém C,1.922366803583703,2025-05-31
P0783,211,97,6,Armazém A,0.6737073340211116,2025-03-04
P0784,280,145,1,Armazém A,1.0019975149768172,2025-06-03
P0785,203,214,4,Armazém A,0.9793235943176098,2025-07-07
P0786,115,225,6,Armazém A,0.7267743790058814,2025-08-11
P0787,195,122,2,Armazém C,1.715454706000206,2025-04-03
P0788,392,78,6,Armazém C,1.639818056058185,2025-01-05
P0789,245,206,4,Armazém C,1.2266382062515986,2025-06-15
P0790,401,363,3,Armazém B,1.3066561666919143,2025-01-25
P0791,101,353,3,Armazém C,0.5893162070037443,2025-04-08
P0792,218,328,1,Armazém A,1.3332610284905684,2025-09-25
P0793,442,332,4,Armazém C,1.6870122860294543,2025-05-30
P0794,193,56,2,Armazém B,1.3607413603757856,2025-09-09
P0795,290,354,4,Armazém A,0.8979595551806283,2025-03-25
P0796,102,231,2,Armazém C,1.5013224085015058,2025-10-12
P0797,210,158,2,Armazém A,1.0422326449478714,2025-06-21
P0798,276,373,4,Armazém A,1.3173099264286028,2025-08-09
P0799,356,255,5,Armazém C,1.2313480449183871,2025-04-19
P0800,460,283,4,Armazém C,1.07176250144777,2025-01-27
P0801,121,236,2,Armazém B,1.5783169705912026,2025-09-03
P0802,497,378,6,Armazém C,1.825814167978823,2025-02-24
P0803,319,57,3,Armazém C,0.5078187777153874,2025-05-13
P0804,272,102,3,Armazém C,1.9004247788455508,2025-02-21
P0805,323,248,1,Armazém A,1.2672727041248375,2025-09-10
P0806,489,186,3,Armazém B,1.5510978205448978,2025-09-26
P0807,164,308,5,Armazém A,1.7834368492638155,2025-10-25
P0808,376,383,2,Armazém C,1.200655538471405,2025-03-20
P0809,348,221,4,Armazém B,1.7524611100473355,2025-01-18
P0810,359,135,4,Armazém C,0.7664297291828033,2025-11-02
P0811,230,95,5,Armazém A,0.7387513017197217,2025-09-15
P0812,212,395,3,Armazém A,1.4862070532842302,2025-12-09
P0813,385,235,2,Armazém C,1.8052145083276057,2025-04-17
P0814,386,205,3,Armazém B,1.838639266304059,2025-02-16
P0815,310,58,1,Armazém A,1.46561068756587,2025-09-03
P0816,119,164,3,Armazém C,1.288233845313976,2025-03-30
P0817,314,203,1,Armazém C,0.9970896315447744,2025-07-22
P0818,409,179,4,Armazém C,1.970000623398997,2025-08-28
P0819,350,380,2,Armazém B,0.9795435299993758,2025-09-25
P0820,481,130,6,Armazém C,1.6162791608473897,2025-01-13
P0821,370,339,1,Armazém C,1.297972699857501,2025-05-17
P0822,279,196,3,Armazém A,1.41276851378802,2025-11-11
P0823,293,344,3,Armazém C,1.0902208258829391,2025-06-22
P0824,412,318,4,Armazém B,1.947234688208372,2025-08-18
P0825,178,182,5,Armazém C,1.3575234891489063,2025-07-17
P0826,279,99,6,Armazém B,1.9066814456881849,2025-08-31
P0827,262,72,5,Armazém C,0.5113871242608712,2025-02-12
P0828,301,137,3,Armazém C,1.3590058747866816,2025-11-26
P0829,113,161,5,Armazém C,1.5757803345879071,2025-10-06
P0830,446,160,6,Armazém B,1.617620256743327,2025-03-20
P0831,345,121,6,Armazém A,1.857465322672522,2025-10-06
P0832,113,203,2,Armazém B,0.5066024135056795,2025-08-20
P0833,198,106,5,Armazém A,0.5004952388892147,2025-04-11
P0834,132,306,2,Armazém B,1.208395191192823,2025-06-11
P0835,356,205,3,Armazém C,0.543940557508056,2025-05-24
P0836,133,162,3,Armazém C,1.9617988304935616,2025-04-19
P0837,118,367,3,Armazém A,0.833097761812088,2025-08-21
P0838,251,96,4,Armazém A,1.208997094047267,2025-04-21
P0839,359,287,5,Armazém B,0.5917064450183354,2025-08-20
P0840,263,383,1,Armazém B,1.2830726242568875,2025-08-26
P0841,176,155,6,Armazém A,1.0699341877211128,2025-07-16
P0842,413,236,1,Armazém A,0.5669900433158357,2025-09-30
P0843,236,208,3,Armazém B,1.0026864000443372,2025-03-27
P0844,458,247,5,Armazém A,1.0871540303342837,2025-10-22
P0845,307,226,2,Armazém A,1.98488223691241,2025-02-10
P0846,341,310,1,Armazém A,0.8118288078790632,2025-02-17
P0847,166,336,3,Armazém A,1.3171694230551494,2025-03-18
P0848,215,342,1,Armazém C,1.980973323797943,2025-06-27
P0849,301,384,1,Armazém C,1.6880288119102027,2025-09-14
P0850,475,192,6,Armazém A,1.9900512513231332,2025-04-27
P0851,349,357,1,Armazém B,1.9524474719902536,2025-01-19
P0852,377,246,3,Armazém C,1.2343093131412315,2025-02-28
P0853,211,274,6,Armazém B,1.5445637748058487,2025-07-15
P0854,430,92,3,Armazém B,0.6656646904117267,2025-04-17
P0855,333,200,4,Armazém C,1.161723237570203,2025-10-11
P0856,275,345,4,Armazém B,1.7135278134000462,2025-02-03
P0857,491,112,4,Armazém B,1.2580029814657152,2025-10-22
P0858,242,179,1,Armazém A,1.5540485492258478,2025-09-08
P0859,131,304,5,Armazém A,1.6186269949764154,2025-05-06
P0860,280,392,3,Armazém A,0.8802037118643409,2025-12-05
P0861,166,263,4,Armazém C,1.813549059413848,2025-04-16
P0862,103,122,5,Armazém A,1.1897336463637684,2025-06-29
P0863,385,153,4,Armazém B,0.8152776554323156,2025-04-20
P0864,368,207,4,Armazém B,1.7981238226826657,2025-08-16
P0865,335,321,5,Armazém B,1.1267282091593804,2025-05-01
P0866,376,364,4,Armazém B,1.6254686575695796,2025-04-17
P0867,140,287,1,Armazém B,1.3220496083323894,2025-05-11
P0868,220,352,1,Armazém C,1.0728076283517507,2025-01-23
P0869,374,207,6,Armazém B,1.714814622557854,2025-05-25
P0870,330,158,1,Armazém C,1.3767048974669196,2025-11-23
P0871,403,58,2,Armazém B,1.0858431536405475,2025-06-03
P0872,185,370,6,Armazém C,0.6643968055026905,2025-04-17
P0873,162,108,4,Armazém C,1.8431679706500617,2025-05-26
P0874,291,241,2,Armazém B,0.5532043780124998,2025-09-09
P0875,392,185,3,Armazém B,1.7947810225520844,2025-10-29
P0876,130,300,5,Armazém B,1.0399422873247333,2025-03-11
P0877,429,195,3,Armazém B,1.4590081452521089,2025-01-31
P0878,245,396,2,Armazém A,1.883299585753528,2025-04-03
P0879,206,107,1,Armazém A,0.7275599232558476,2025-05-17
P0880,458,226,4,Armazém C,1.3504257134582152,2025-06-12
P0881,209,337,6,Armazém C,1.646649293555288,2025-03-22
P0882,375,294,4,Armazém A,1.636375749078586,2025-11-12
P0883,309,97,1,Armazém C,1.288447871899256,2025-03-17
P0884,238,350,4,Armazém B,1.437109189859687,2025-03-04
P0885,185,149,5,Armazém C,1.6362904911992668,2025-04-10
P0886,143,262,5,Armazém C,1.7615414566361176,2025-02-17
P0887,181,351,5,Armazém C,1.6427196453137956,2025-03-15
P0888,163,214,3,Armazém A,1.031007414771864,2025-11-10
P0889,477,175,1,Armazém A,1.9950896015866,2025-07-11
P0890,442,351,5,Armazém C,1.1517540405789566,2025-01-30
P0891,420,170,2,Armazém B,0.5366970541384002,2025-06-06
P0892,154,137,5,Armazém C,1.043925427378193,2025-09-23
P0893,173,266,6,Armazém A,0.6916744318607648,2025-09-13
P0894,472,110,3,Armazém B,0.6821639235925625,2025-02-08
P0895,228,351,2,Armazém C,0.9223025601603416,2025-02-24
P0896,355,228,1,Armazém A,0.5800632412658913,2025-01-28
P0897,330,239,1,Armazém B,1.5327682826143447,2025-04-28
P0898,236,212,6,Armazém C,0.6109833263028577,2025-07-28
P0899,450,130,5,Armazém A,0.8049343331539343,2025-03-16
P0900,454,219,2,Armazém B,0.639349571741179,2025-03-06
P0901,211,350,6,Armazém C,0.5947515963545467,2025-12-03
P0902,407,245,2,Armazém B,0.9016274983093124,2025-12-22
P0903,245,252,5,Armazém B,1.3578484514905549,2025-04-10
P0904,132,96,5,Armazém B,1.9470283346702624,2025-02-15
P0905,359,207,4,Armazém A,1.8133349815244093,2025-11-12
P0906,186,243,4,Armazém C,1.8139008881679872,2025-06-05
P0907,430,328,5,Armazém B,0.7641005540564865,2025-08-28
P0908,364,366,3,Armazém B,0.8973607902467302,2025-12-19
P0909,419,318,6,Armazém B,0.6145899751929585,2025-09-16
P0910,129,248,4,Armazém A,1.6677025098727776,2025-05-16
P0911,491,273,5,Armazém B,0.6047244522283429,2025-07-17
P0912,331,312,2,Armazém A,1.3350435062312798,2025-07-06
P0913,488,215,6,Armazém A,0.8718133584859261,2025-04-26
P0914,175,229,4,Armazém B,0.8651684510431171,2025-02-27
P0915,228,241,3,Armazém B,1.986087582871408,2025-03-11
P0916,370,265,6,Armazém A,1.6351697104678062,2025-04-03
P0917,188,333,6,Armazém A,1.7554090374365752,2025-08-17
P0918,269,156,1,Armazém B,1.3579740280160189,2025-05-17
P0919,227,147,2,Armazém A,1.806521431090624,2025-04-15
P0920,273,279,3,Armazém A,1.4682358087495293,2025-11-01
P0921,125,306,3,Armazém B,1.919260557194518,2025-12-05
P0922,160,92,3,Armazém B,0.9220078790684552,2025-01-17
P0923,478,291,2,Armazém C,1.3929793186743424,2025-02-23
P0924,166,91,3,Armazém B,1.535197021905338,2025-04-22
P0925,125,144,1,Armazém B,1.08940595754171,2025-06-21
P0926,182,303,4,Armazém B,1.81956197360608,2025-11-01
P0927,463,237,2,Armazém C,1.9697047446562317,2025-05-24
P0928,466,356,3,Armazém A,1.2406542370589924,2025-03-26
P0929,159,216,5,Armazém B,1.0859609822065086,2025-01-12
P0930,138,320,4,Armazém B,1.207906892834688,2025-09-09
P0931,222,174,6,Armazém C,1.7791051185978974,2025-08-04
P0932,391,210,2,Armazém C,1.4682026382772515,2025-05-06
P0933,376,136,5,Armazém C,0.5671585587771426,2025-04-08
P0934,473,358,6,Armazém A,1.3132548656685723,2025-10-31
P0935,403,275,5,Armazém C,0.5259501841114547,2025-01-28
P0936,381,194,3,Armazém A,1.667803056505108,2025-12-02
P0937,290,394,2,Armazém B,0.9924684103136956,2025-09-23
P0938,391,297,3,Armazém B,1.208011223175994,2025-02-21
P0939,251,55,6,Armazém B,1.698017158861448,2025-05-23
P0940,483,80,1,Armazém C,0.5696732259286423,2025-05-12
P0941,332,246,5,Armazém B,0.7378123033874157,2025-12-12
P0942,245,281,1,Armazém C,1.0969405646676722,2025-07-26
P0943,370,345,6,Armazém A,0.8448877453183409,2025-03-03
P0944,434,374,3,Armazém B,1.0068521386625946,2025-12-29
P0945,233,184,4,Armazém A,1.997262106838697,2025-05-12
P0946,270,62,5,Armazém C,1.738121656360716,2025-02-10
P0947,127,53,4,Armazém C,1.8258527224401628,2025-07-20
P0948,235,227,2,Armazém B,1.905581950348663,2025-04-09
P0949,475,283,5,Armazém B,1.0114038204712934,2025-11-07
P0950,340,308,1,Armazém C,0.945615436694709,2025-10-11
P0951,443,189,4,Armazém B,0.8510937388581123,2025-12-23
P0952,327,114,6,Armazém B,1.745175366962184,2025-02-16
P0953,386,332,2,Armazém A,1.5193277934277774,2025-05-17
P0954,402,355,5,Armazém C,0.8542579737243159,2025-05-10
P0955,133,254,6,Armazém A,1.0654907438156824,2025-07-14
P0956,101,66,2,Armazém B,1.2600676458991975,2025-04-27
P0957,461,249,1,Armazém A,1.2922100859106305,2025-12-30
P0958,294,81,6,Armazém C,1.833091592827572,2025-03-10
P0959,193,261,5,Armazém A,1.0708491994208245,2025-01-28
P0960,427,322,2,Armazém A,1.8627860457507688,2025-12-01
P0961,407,339,3,Armazém B,1.1620513404796844,2025-01-14
P0962,234,340,5,Armazém C,1.6195590121885308,2025-02-15
P0963,303,283,5,Armazém B,1.895381479977584,2025-01-16
P0964,349,231,5,Armazém B,1.8613635559449,2025-07-28
P0965,246,195,5,Armazém C,0.5854293009435217,2025-06-07
P0966,445,99,3,Armazém A,0.8085564424648548,2025-12-03
P0967,447,152,6,Armazém B,1.2153581382984129,2025-08-15
P0968,353,82,6,Armazém A,1.147331434929661,2025-08-29
P0969,498,138,6,Armazém C,1.4613374972558106,2025-02-27
P0970,433,390,1,Armazém B,1.9170635762381183,2025-10-31
P0971,275,364,3,Armazém A,0.6686070669169233,2025-11-01
P0972,224,290,3,Armazém A,1.1777879977013606,2025-12-11
P0973,350,315,2,Armazém B,0.788616556830709,2025-05-10
P0974,497,272,4,Armazém C,1.8411613975969208,2025-08-05
P0975,230,285,6,Armazém A,1.9468702787024792,2025-01-14
P0976,149,202,4,Armazém C,1.2180525228355252,2025-12-25
P0977,192,106,2,Armazém B,0.6560154465922111,2025-08-31
P0978,479,371,3,Armazém A,1.67794200008401,2025-05-25
P0979,409,161,2,Armazém A,1.5457120257385986,2025-11-22
P0980,489,64,5,Armazém A,1.0320062399154657,2025-04-13
P0981,319,318,2,Armazém C,1.831111210953445,2025-08-05
P0982,433,163,2,Armazém A,1.9637478346740609,2025-12-24
P0983,433,301,5,Armazém A,1.3367807736952932,2025-03-05
P0984,119,191,4,Armazém B,1.3485918670164383,2025-06-07
P0985,304,163,5,Armazém A,0.9462702576706667,2025-06-11
P0986,190,339,1,Armazém C,1.3767590539749712,2025-01-18
P0987,454,74,2,Armazém B,1.1594634807872697,2025-08-04
P0988,272,359,2,Armazém B,0.9532865403920778,2025-11-15
P0989,288,304,4,Armazém A,0.6007777947858519,2025-02-18
P0990,411,317,3,Armazém B,0.8790617895636874,2025-02-25
P0991,101,175,5,Armazém A,0.7967819745164966,2025-12-13
P0992,460,299,3,Armazém B,1.3130629768309234,2025-02-27
P0993,267,336,1,Armazém C,1.4025050326453907,2025-06-04
P0994,467,383,5,Armazém A,1.4128575864590247,2025-02-24
P0995,123,102,1,Armazém C,1.0822715015685187,2025-12-07
P0996,464,92,1,Armazém A,1.131844600528244,2025-01-19
P0997,167,215,1,Armazém C,1.75135764446096,2025-05-31
P0998,469,91,6,Armazém C,1.2143492202757435,2025-12-25
P0999,293,225,5,Armazém B,1.9816599982056835,2025-04-18
P1000,183,116,5,Armazém A,1.1594258450132973,2025-02-16
