ID_Produto,Demanda_Prevista,Capacidade_Produzida,Data_Planejamento,Prioridade_Producao,Tempo_Estimado_Producao,Responsavel_Planejamento,Percentual_Atendimento
P0001,306,333.5058194681258,2025-04-12,Média,1.5131578961668488,Carlos,108.9888298915444
P0002,462,455.853766270982,2025-11-20,Baixa,1.350904778364055,João,98.66964637900044
P0003,439,351.9426067150011,2025-10-20,Baixa,9.884773432248949,Ana,80.16915870501164
P0004,227,209.90387249579385,2025-03-26,Alta,6.8036308992725845,Maria,92.46866629770653
P0005,284,264.41687831774027,2025-07-20,Baixa,7.438334857008142,Ana,93.10453461892263
P0006,157,163.7116703683941,2025-06-22,Média,1.868338177616516,Maria,104.2749492792319
P0007,242,215.75314760114858,2025-01-29,Baixa,1.6283142176350327,Ana,89.15419322361512
P0008,499,448.78460948935606,2025-10-24,Média,2.4422823454219387,Maria,89.93679548884892
P0009,196,160.945052659731,2025-02-25,Baixa,4.844760425177226,João,82.11482278557705
P0010,146,129.2193158742307,2025-01-16,Alta,1.9915856445967808,Maria,88.50638073577444
P0011,290,294.3756680292689,2025-05-20,Média,5.017003663967452,Carlos,101.5088510445755
P0012,239,236.7120711324391,2025-03-07,Baixa,6.053823127912031,João,99.04270758679459
P0013,202,166.5324817332784,2025-05-27,Alta,1.0029967109659714,Carlos,82.44182264023682
P0014,330,275.35469531936354,2025-06-07,Baixa,2.028210677127797,Ana,83.4408167634435
P0015,439,400.84114944893673,2025-03-10,Alta,4.376756725910909,Ana,91.30777891775324
P0016,148,151.42284463906086,2025-01-23,Baixa,1.4799681342712014,Maria,102.3127328642303
P0017,486,510.2394849511543,2025-07-09,Média,2.201760759809261,Maria,104.9875483438589
P0018,211,169.7257019225341,2025-09-05,Média,3.08616751410359,Ana,80.43872129030053
P0019,415,372.9618168747714,2025-11-05,Média,4.866412727508823,João,89.87031731922202
P0020,421,390.38427337628906,2025-05-25,Média,7.4335347814303825,Carlos,92.72785590885726
P0021,186,199.64121084210748,2025-11-01,Média,2.194197506432613,Ana,107.33398432371371
P0022,481,457.1529662774726,2025-06-26,Baixa,7.64162714718399,João,95.0421967312833
P0023,381,335.6267974675817,2025-07-14,Baixa,8.695546567454986,Carlos,88.09102295737053
P0024,426,390.64801492793936,2025-01-13,Baixa,6.8633089019671,Maria,91.70141195491534
P0025,351,326.7565466893969,2025-12-30,Baixa,1.3935312588501805,João,93.09303324484242
P0026,173,173.17278583616957,2025-06-15,Média,4.965883182346972,João,100.09987620587837
P0027,146,118.59964489397323,2025-05-30,Alta,6.940594014701499,Ana,81.23263348902276
P0028,175,160.4462123087784,2025-12-07,Média,9.80661821146581,Carlos,91.6835498907305
P0029,195,193.82344625949543,2025-02-14,Baixa,9.566275492623182,Ana,99.39663910743354
P0030,130,115.04957029921151,2025-06-23,Média,4.561328389959269,Maria,88.49966946093193
P0031,121,118.2805615419088,2025-06-16,Média,6.543379650025833,Maria,97.75253019992462
P0032,116,105.23330676762075,2025-07-16,Média,9.017336326254268,Carlos,90.71836790312133
P0033,311,319.58865693838214,2025-07-25,Alta,8.47941622638577,Carlos,102.76162602520327
P0034,247,202.0902893078708,2025-03-23,Média,5.314796507014748,Carlos,81.81793089387482
P0035,334,359.1797904662759,2025-03-09,Média,3.3511719780246105,Ana,107.53885942104068
P0036,491,418.07852831288415,2025-04-07,Alta,2.233899521189497,Carlos,85.14837643846927
P0037,453,383.94654908923656,2025-06-16,Média,5.391821395749333,Carlos,84.75641260248048
P0038,404,425.08592490651336,2025-03-18,Média,7.505612878089602,Ana,105.21928834319638
P0039,186,197.305987104733,2025-08-25,Média,9.727927418946392,Maria,106.07848769071666
P0040,137,113.4212031826224,2025-07-15,Média,8.7563341434078,Maria,82.78919940337401
P0041,152,163.03758311747993,2025-10-18,Média,2.838168597233455,João,107.26156784044731
P0042,127,112.01264872237401,2025-05-16,Baixa,7.478003141402229,Maria,88.1989360018693
P0043,176,173.46322498954532,2025-11-04,Média,3.601911284725874,Carlos,98.55865056224165
P0044,299,245.35283608958827,2025-10-23,Alta,7.151253349902368,Maria,82.05780471223689
P0045,494,451.6139751871994,2025-02-05,Média,6.992249144146953,Ana,91.41983303384603
P0046,272,254.3791281029303,2025-09-05,Baixa,3.451875426329873,Maria,93.52173827313615
P0047,373,365.52059311097116,2025-09-11,Alta,3.109497581955578,Maria,97.99479708068932
P0048,149,142.67965712222662,2025-08-02,Alta,1.935439863300333,João,95.75815914243397
P0049,444,416.67086247068016,2025-09-09,Média,1.4548567312416405,João,93.84478884474778
P0050,276,300.2582095341907,2025-03-11,Baixa,8.72605952970824,Carlos,108.78920635296765
P0051,400,342.2027332385311,2025-08-22,Média,1.448644551715375,Ana,85.55068330963277
P0052,326,276.2518357572442,2025-11-25,Baixa,1.798670498726027,Carlos,84.73982691940006
P0053,226,229.16981232906554,2025-01-16,Baixa,3.149668318313799,Ana,101.40257182702015
P0054,448,368.4197733265592,2025-06-23,Média,8.988924956160485,Ana,82.23655654610697
P0055,120,113.38409241579397,2025-07-06,Baixa,3.996463243799722,João,94.48674367982831
P0056,298,281.67434885220734,2025-10-21,Média,2.7261960171093294,Maria,94.52159357456623
P0057,288,257.1861885948655,2025-08-13,Baixa,7.439999462155856,Maria,89.30075992877273
P0058,431,465.10637579924963,2025-10-01,Alta,3.8716277938181713,João,107.91331225040595
P0059,251,222.07552066272967,2025-01-12,Média,4.000299742685766,Carlos,88.47630305288034
P0060,259,229.61193968891175,2025-11-06,Baixa,7.650789363446824,Maria,88.6532585671474
P0061,446,388.14933521313395,2025-08-07,Alta,3.264875340474753,Carlos,87.02899892671165
P0062,195,164.52860006040297,2025-01-01,Alta,9.07084042935063,Maria,84.3736410566169
P0063,451,410.05069578864567,2025-04-21,Alta,6.052795101985108,Carlos,90.92033166045358
P0064,174,174.74231497202248,2025-10-04,Alta,5.840485400551726,Ana,100.42661780001292
P0065,465,475.53171935652045,2025-05-09,Média,3.3827701155958865,Ana,102.26488588312267
P0066,181,188.968647162186,2025-04-03,Baixa,8.51584906116933,Maria,104.40256749292043
P0067,227,195.05273880899915,2025-02-08,Alta,6.154745957843512,Carlos,85.92631665594676
P0068,458,371.29593136413894,2025-11-12,Baixa,2.3996489311470337,Carlos,81.0689806471919
P0069,232,253.43813575079207,2025-06-08,Baixa,2.856684135202864,Ana,109.24057575465176
P0070,499,401.3455781371784,2025-07-05,Baixa,5.214303179385793,Carlos,80.42997557859286
P0071,238,258.99246903020537,2025-12-19,Média,8.016776401747498,João,108.82036513874176
P0072,345,361.78229233667133,2025-09-13,Média,9.45365746255264,Carlos,104.86443256135401
P0073,390,418.712747039941,2025-08-27,Alta,6.971487673392521,Ana,107.36224283075411
P0074,211,193.30885560828554,2025-04-14,Baixa,5.555289246024683,João,91.61557137833438
P0075,302,259.4665010959036,2025-01-29,Média,3.2565877976082223,João,85.91605996553099
P0076,269,264.1416193936681,2025-03-30,Média,7.055811644101746,Carlos,98.19391055526697
P0077,186,190.16181532597997,2025-02-20,Média,9.840157802681563,Ana,102.2375351214946
P0078,218,182.9583137376328,2025-12-30,Alta,5.286002279853115,Ana,83.92583198973982
P0079,197,204.73943151785596,2025-05-27,Média,2.4592769100090583,Ana,103.92864544053602
P0080,339,292.41394064527714,2025-11-10,Baixa,1.9300652330876071,João,86.25779960037674
P0081,436,413.1113899124266,2025-02-05,Média,3.423305643390833,Ana,94.7503187872538
P0082,237,250.4959021863367,2025-10-11,Média,6.124978171191192,João,105.6944734963446
P0083,181,155.3029509496182,2025-04-11,Alta,9.52124770982196,João,85.80273533128077
P0084,335,292.30940712227016,2025-04-17,Baixa,3.69248574757732,Maria,87.25653943948363
P0085,235,192.425366533193,2025-12-11,Média,3.74852054234444,Carlos,81.88313469497575
P0086,381,321.5579929768119,2025-10-18,Baixa,5.330616932009732,Ana,84.39842335349394
P0087,102,86.08369008530988,2025-12-15,Baixa,9.2668810158927,João,84.39577459344106
P0088,158,136.04246360210612,2025-04-15,Média,4.771495455301803,Carlos,86.10282506462413
P0089,215,190.45992561069147,2025-08-09,Alta,3.009064526748398,João,88.58601191194953
P0090,230,240.23385214901933,2025-03-17,Baixa,2.4681782348359422,Carlos,104.44950093435624
P0091,485,521.2436422383527,2025-08-15,Média,5.113138323452334,João,107.47291592543353
P0092,300,276.5652548306055,2025-03-25,Baixa,8.206096921571346,Ana,92.1884182768685
P0093,391,327.83891006822887,2025-03-17,Baixa,3.6221716425195063,Maria,83.84626855964933
P0094,441,382.4100530901387,2025-09-06,Baixa,5.612703753075786,Maria,86.71429775286592
P0095,197,201.10977323214385,2025-09-12,Média,6.427074451802942,Maria,102.08617930565677
P0096,315,316.01671156561815,2025-02-19,Baixa,5.054233704921076,João,100.3227655763867
P0097,223,243.10616847742068,2025-12-22,Baixa,2.7252121721796043,Carlos,109.01621904817071
P0098,172,138.3476159187063,2025-07-29,Alta,9.295711101413698,Ana,80.43466041785251
P0099,465,476.7308470593888,2025-06-07,Média,6.089043117110355,Ana,102.5227628084707
P0100,477,453.9790642248217,2025-11-24,Média,7.56220945522497,João,95.17380801358945
P0101,229,245.21500758327295,2025-08-21,Baixa,6.724387048941396,Maria,107.08078933767378
P0102,126,122.57910028199558,2025-03-18,Alta,9.982432195548164,João,97.28500022380602
P0103,264,246.5760837773441,2025-08-11,Baixa,5.106791209947904,Carlos,93.40003173384247
P0104,167,166.95911553559907,2025-05-01,Baixa,4.824751359691841,Maria,99.97551828478987
P0105,113,118.65644468993582,2025-11-06,Média,4.241258794810056,João,105.00570326542993
P0106,197,174.29566431521556,2025-11-23,Alta,4.254656134062364,Carlos,88.47495650518556
P0107,378,314.5935667651349,2025-12-07,Baixa,3.4819318964551305,Maria,83.22581131352774
P0108,470,437.0555546830242,2025-12-24,Média,9.825671126318923,Ana,92.99054354957961
P0109,346,299.0671627978574,2025-04-17,Baixa,8.837038308717208,Carlos,86.43559618435185
P0110,211,195.98995640251675,2025-08-29,Baixa,3.8500570446149456,Ana,92.88623526185627
P0111,306,335.77822226294364,2025-01-28,Alta,3.74706140184852,Carlos,109.73144518396852
P0112,451,438.4787192876252,2025-07-11,Alta,1.931805884665493,Maria,97.22366281322067
P0113,433,436.4986689477921,2025-09-06,Alta,8.893277744585436,João,100.80800668540233
P0114,332,333.1216708771573,2025-12-30,Baixa,4.345894457439455,João,100.33785267384256
P0115,160,167.39364014173105,2025-08-01,Alta,6.15353852930615,João,104.62102508858192
P0116,184,199.31589866564897,2025-01-21,Média,9.10339955992838,João,108.3238579704614
P0117,282,281.33601110840135,2025-06-04,Baixa,4.672905836267852,Carlos,99.76454294624162
P0118,338,318.67599697797533,2025-01-27,Alta,8.261812390805577,João,94.28283934259625
P0119,349,312.47690008995534,2025-03-18,Baixa,4.872570636238814,João,89.53492839253735
P0120,170,154.3739893063172,2025-11-02,Baixa,7.308468451159774,Carlos,90.80822900371601
P0121,327,294.41254765697,2025-02-26,Média,4.88065966472963,Carlos,90.03441824372172
P0122,184,165.11049511831874,2025-04-29,Média,4.534832210992233,Maria,89.73396473821671
P0123,405,408.3969380324245,2025-06-14,Média,9.916383156057172,Carlos,100.83875013146285
P0124,495,483.27479094785184,2025-03-05,Baixa,6.511148578032175,Ana,97.63127089855594
P0125,370,318.42144998586764,2025-02-17,Baixa,4.306520634606813,Maria,86.05985134753179
P0126,389,424.35535643669505,2025-05-30,Média,3.3203752937813604,Maria,109.08878057498588
P0127,335,310.98641429310914,2025-06-07,Baixa,1.3578973320665475,João,92.83176546062958
P0128,390,378.2321089249652,2025-06-05,Média,7.359097062238543,João,96.98259203204236
P0129,138,139.48768002509618,2025-05-31,Média,4.349416853757358,Ana,101.07802900369289
P0130,305,300.15147996593595,2025-08-13,Alta,8.391287474008884,João,98.41032130030686
P0131,282,251.91497966548783,2025-09-17,Média,4.274816145600868,Carlos,89.33155307286803
P0132,286,297.243224005217,2025-09-13,Alta,4.359962731825272,Carlos,103.93119720462131
P0133,232,193.26669331474204,2025-03-02,Média,8.012629057660806,João,83.3046091873888
P0134,129,125.2201388030321,2025-12-18,Baixa,5.405199910773884,João,97.06987504111015
P0135,487,429.53164628236016,2025-09-17,Alta,8.964052935412536,Carlos,88.19951669042302
P0136,354,348.59396344687457,2025-11-17,Baixa,6.311221810340967,Maria,98.47287103019056
P0137,242,209.42632672672525,2025-06-11,Baixa,3.1658033216293884,Ana,86.5398044325311
P0138,202,208.39529910568592,2025-12-15,Média,6.114446688700301,Ana,103.16598965628016
P0139,173,150.20913559269673,2025-01-31,Média,1.0360150834123183,Maria,86.82608993797498
P0140,154,164.3361166354677,2025-03-12,Baixa,3.8115763724684726,Ana,106.711764049005
P0141,335,354.58626791935825,2025-01-02,Média,2.871571064480296,João,105.84664714010694
P0142,159,144.4861676610588,2025-02-19,Média,6.887690700426412,João,90.87180356041435
P0143,123,112.63676865945156,2025-05-15,Média,2.224347251498245,João,91.57460866622078
P0144,121,122.2645755140559,2025-05-26,Baixa,3.6108770208532577,Ana,101.04510373062472
P0145,131,108.35168004231862,2025-06-28,Alta,3.981776988910558,Maria,82.71120613917452
P0146,450,370.9241206437167,2025-09-21,Alta,1.0296390597749636,João,82.42758236527038
P0147,438,368.31299946398013,2025-11-07,Baixa,1.4208991142755028,Maria,84.0897259050183
P0148,102,98.81174526476549,2025-07-23,Média,3.800135151797704,Carlos,96.87426006349557
P0149,169,142.75441685493644,2025-10-26,Média,3.0012080787272097,Carlos,84.47006914493281
P0150,259,228.77086279376067,2025-07-06,Alta,2.0521606475364,Carlos,88.32851845318945
P0151,485,482.12560979710025,2025-01-30,Baixa,2.3874549071856217,Ana,99.40734222620624
P0152,187,150.47649393663974,2025-02-28,Baixa,8.519832652420776,Ana,80.46871333510146
P0153,464,396.28893582712305,2025-01-09,Média,7.149876179614323,João,85.4070982386041
P0154,158,170.47871342030837,2025-11-20,Média,5.357057779014848,Carlos,107.89791988627111
P0155,351,350.6747237449375,2025-06-16,Média,9.179872986132391,Maria,99.9073287022614
P0156,318,283.54957629689454,2025-12-03,Baixa,1.2659751184745671,Ana,89.16653342669639
P0157,300,244.0773081655052,2025-10-06,Alta,4.104414423494376,Maria,81.35910272183506
P0158,176,171.74337708417616,2025-07-10,Baixa,8.41045345753653,Maria,97.58146425237283
P0159,354,306.8684021105772,2025-08-30,Baixa,6.654600951267892,João,86.68598929677323
P0160,346,376.466210538963,2025-10-05,Baixa,9.835186910427884,João,108.80526316155002
P0161,369,371.2465777170437,2025-06-03,Alta,9.500634309593885,Maria,100.60882864960534
P0162,406,443.44828935695574,2025-06-09,Média,2.5294824196748533,Maria,109.22371659038319
P0163,238,251.01138127518587,2025-09-22,Média,9.747882974761044,Maria,105.46696692234701
P0164,177,167.24875574661772,2025-08-23,Baixa,9.509813073766653,Maria,94.49082245571623
P0165,179,179.15554102902752,2025-12-12,Baixa,4.362498505663142,Carlos,100.08689442962431
P0166,109,113.75590529413512,2025-07-18,Alta,9.845922625200576,Maria,104.363215866179
P0167,435,423.45229185697235,2025-02-02,Alta,1.3225973709210466,Ana,97.3453544498787
P0168,223,182.5135138147739,2025-03-30,Média,6.946754994219683,João,81.8446250290466
P0169,285,268.22315983619546,2025-04-05,Baixa,3.395330238379679,Ana,94.11338941620893
P0170,133,111.60987589838695,2025-08-09,Alta,2.1651678693578766,João,83.91719992359921
P0171,220,223.17988716387126,2025-03-10,Alta,6.19781432449462,João,101.44540325630511
P0172,179,179.74977276973925,2025-10-21,Baixa,3.757152773666749,João,100.41886746912807
P0173,305,334.85109957276836,2025-08-25,Baixa,7.001428094300359,Ana,109.7872457615634
P0174,152,150.27372696181132,2025-06-09,Baixa,5.859829469029783,João,98.86429405382323
P0175,255,265.2105525923716,2025-11-16,Baixa,4.533304608177935,Maria,104.00413827151826
P0176,373,328.4214105144604,2025-11-24,Baixa,2.636399451834081,Maria,88.04863552666498
P0177,457,412.21730894907887,2025-10-03,Baixa,6.41125177724959,Carlos,90.2007240588794
P0178,234,251.5751025169242,2025-10-17,Alta,8.463075665279966,Carlos,107.51072757133512
P0179,197,202.23186254388156,2025-02-11,Baixa,6.400040216583531,Carlos,102.65576778877237
P0180,340,338.83745582935904,2025-03-07,Média,6.494703001963172,Maria,99.65807524392913
P0181,144,126.17399631958735,2025-01-21,Baixa,5.606536277329914,Ana,87.62083077749121
P0182,298,300.8528668280298,2025-12-01,Média,4.494161055954625,Carlos,100.95733786175497
P0183,390,415.75134646990836,2025-03-11,Média,5.117122374701916,Maria,106.60290935125856
P0184,213,185.14797014776858,2025-09-18,Média,9.90587581408074,João,86.92392964683971
P0185,376,380.45078132490494,2025-09-03,Baixa,7.7470165189476115,Ana,101.18371843747471
P0186,340,312.1567832465459,2025-11-19,Baixa,4.87503517581995,Ana,91.81081860192526
P0187,255,213.08570708995742,2025-08-23,Média,5.115667599590684,Maria,83.5630223882186
P0188,451,464.0962295350072,2025-09-29,Baixa,5.49668806974768,Maria,102.90382029601047
P0189,143,121.57016825600803,2025-04-09,Alta,6.933827749409316,João,85.0141036755301
P0190,179,156.78052988643296,2025-11-25,Alta,5.193624107939633,João,87.58688820471116
P0191,411,425.33675364034275,2025-02-04,Alta,7.175612065953191,João,103.48826122636076
P0192,237,242.36564105791174,2025-12-05,Alta,3.962690259830631,Ana,102.26398356873914
P0193,250,219.06372995332964,2025-06-20,Baixa,4.695756688190116,Ana,87.62549198133186
P0194,341,369.0606800476334,2025-04-20,Média,8.776478122334625,Carlos,108.22893843039103
P0195,242,209.2297073406041,2025-10-22,Baixa,3.960150892313884,Carlos,86.45855675231576
P0196,410,450.215532440576,2025-01-10,Alta,9.679930598575016,Carlos,109.80866644892097
P0197,398,406.5052447110019,2025-07-21,Baixa,2.5525445228640367,Ana,102.1369961585432
P0198,149,136.74509376764772,2025-09-14,Baixa,3.175118341364554,João,91.77523071654208
P0199,361,302.91681908154703,2025-09-19,Alta,5.173117756794171,Carlos,83.91047619987452
P0200,260,232.99977650244986,2025-06-30,Média,8.176678534498325,João,89.6152986547884
P0201,161,138.15757010376186,2025-03-07,Baixa,7.584179298655003,João,85.81215534395147
P0202,154,151.9289888960237,2025-10-21,Baixa,2.570194158529508,João,98.65518759482057
P0203,495,448.9929902409866,2025-06-10,Alta,3.130165233710532,Carlos,90.70565459413871
P0204,471,418.48452601375703,2025-03-08,Média,6.177366901457537,Carlos,88.85021783731571
P0205,130,133.52819447701654,2025-04-10,Alta,3.656482707688327,João,102.71399575155118
P0206,429,372.87814726521856,2025-03-18,Alta,4.800927920316431,Carlos,86.91798304550548
P0207,389,379.68998334355643,2025-02-04,Baixa,5.37934757938326,Maria,97.60667952276515
P0208,268,230.0455258630131,2025-02-14,Média,6.3482140481536415,Carlos,85.83788278470638
P0209,365,370.270447546774,2025-05-30,Alta,3.259461919953388,João,101.44395823199288
P0210,407,401.9273331661921,2025-03-09,Baixa,2.468261291994636,João,98.7536445125779
P0211,284,295.2026794930831,2025-09-11,Alta,4.587070490146238,Ana,103.94460545531095
P0212,433,355.297770011672,2025-01-17,Baixa,1.7382360237004006,Ana,82.05491224288038
P0213,102,88.02922675485365,2025-09-18,Média,5.74088653981821,João,86.30316348515063
P0214,260,220.04790812317032,2025-08-01,Alta,8.556446433114768,Maria,84.63381081660397
P0215,490,420.01250232200334,2025-11-09,Média,2.0707809348944672,Ana,85.7168372085721
P0216,359,298.2946163231681,2025-09-13,Média,2.014574789165761,João,83.09042237414154
P0217,147,142.38781185333082,2025-08-04,Baixa,1.7219601898061692,Ana,96.86245704308219
P0218,353,345.24438600665377,2025-12-17,Alta,8.630751607857118,Ana,97.80294221151665
P0219,173,182.17711831532915,2025-10-13,Alta,1.7263440543534672,João,105.30469266782032
P0220,434,401.58951057297793,2025-01-07,Baixa,9.851158318459625,Carlos,92.53214529331288
P0221,499,478.8979915472449,2025-07-18,Baixa,4.224981646415062,Maria,95.97154139223343
P0222,265,290.80867272318335,2025-04-01,Média,3.958859432282292,Carlos,109.73912178233334
P0223,359,344.4797154777836,2025-05-27,Alta,1.8246857688734428,João,95.95535250077538
P0224,103,100.12350111153731,2025-05-30,Alta,6.270770913745752,João,97.20728263256049
P0225,475,521.9182316200273,2025-02-21,Baixa,6.272939911175126,Maria,109.87752244632154
P0226,218,239.41606154681511,2025-08-31,Baixa,5.444252445611285,João,109.82388144349318
P0227,372,344.9217977286572,2025-08-07,Baixa,3.799181324942954,Ana,92.72091336791861
P0228,325,321.90731588628904,2025-01-06,Alta,4.317228010588791,Maria,99.04840488808894
P0229,451,425.85257931038035,2025-04-19,Alta,3.8845305430636414,Carlos,94.4240752351176
P0230,169,171.74027339902008,2025-12-17,Média,4.835317674524517,Maria,101.62146354971601
P0231,281,303.9059837315449,2025-03-07,Baixa,4.076092949331033,Carlos,108.15159563400174
P0232,452,403.5898022154159,2025-01-10,Média,7.07965587878725,João,89.28977925119821
P0233,363,379.5755060608007,2025-07-21,Alta,3.662078251125428,Carlos,104.56625511316824
P0234,469,467.33724484158046,2025-10-09,Média,4.157544083450087,Carlos,99.64546798327942
P0235,280,247.53552330703428,2025-08-02,Média,4.919138963102332,Carlos,88.40554403822652
P0236,104,108.0757493352782,2025-03-09,Média,1.0356565084381022,Maria,103.91898974545981
P0237,296,274.72941210474437,2025-09-04,Baixa,5.428743167988028,Ana,92.81399057592715
P0238,146,122.07339628608072,2025-12-20,Alta,3.302378228736412,Carlos,83.61191526443885
P0239,139,152.62546209840124,2025-11-23,Baixa,1.5053540862206611,Maria,109.80249071827429
P0240,221,205.02035187606475,2025-02-19,Média,9.199191688883154,Maria,92.76938998916957
P0241,234,225.21698882580654,2025-01-17,Baixa,3.901768604982388,Ana,96.24657642128484
P0242,239,249.13085609576166,2025-01-11,Alta,4.834767373054339,Maria,104.23885192291283
P0243,449,488.6300154006551,2025-11-05,Alta,8.446088425044177,João,108.82628405359802
P0244,252,267.59032145699985,2025-11-02,Média,2.501100736783478,João,106.18663549880947
P0245,127,121.6045272172397,2025-05-04,Média,8.652779286232068,João,95.75159623404701
P0246,176,169.6127527881485,2025-08-13,Baixa,3.1747415326963995,Ana,96.37088226599346
P0247,274,242.2889061893143,2025-09-01,Alta,6.301341024537854,Maria,88.42660809828989
P0248,148,138.94844779026334,2025-11-14,Alta,7.171105421495605,João,93.88408634477253
P0249,441,478.066784111772,2025-11-28,Baixa,9.145125512809978,Carlos,108.40516646525442
P0250,409,416.3956538212732,2025-12-12,Alta,6.468741952157187,Maria,101.8082283181597
P0251,373,299.72903526397755,2025-01-29,Média,5.079086211250003,João,80.35630972224598
P0252,126,105.20395635289961,2025-12-24,Média,6.150424171075997,Maria,83.49520345468223
P0253,427,459.9402236816013,2025-12-23,Baixa,2.818742164661835,João,107.71433809873568
P0254,489,515.707125553681,2025-10-12,Baixa,7.201669007348656,Carlos,105.46157986782842
P0255,320,302.67178871184615,2025-02-28,Baixa,2.681926408454997,Maria,94.58493397245192
P0256,221,217.70566002149926,2025-05-23,Média,6.015228508704312,João,98.50934842601777
P0257,460,407.9711494325401,2025-11-22,Baixa,6.828432952244401,João,88.68938031142176
P0258,168,174.35866990586138,2025-12-18,Alta,9.087248623669792,Carlos,103.78492256301273
P0259,170,166.76918979136144,2025-10-27,Baixa,5.05170843379853,Carlos,98.0995234066832
P0260,249,251.1034801975569,2025-08-14,Alta,7.977999039302913,João,100.84477116367748
P0261,286,260.967264101172,2025-06-13,Média,2.5077743947384885,João,91.24729514026994
P0262,472,438.5500217220257,2025-03-25,Alta,2.4057683086044253,Ana,92.91314019534443
P0263,345,297.4950955868213,2025-11-09,Alta,5.723182123479372,Ana,86.23046248893371
P0264,295,319.9026500484972,2025-04-27,Alta,6.367066885990927,Maria,108.44157628762616
P0265,131,141.99969090119237,2025-11-16,Média,6.691069366596174,Maria,108.39671061159723
P0266,208,217.42767782777003,2025-07-23,Alta,7.711066378214005,Ana,104.53253741719712
P0267,452,488.4612741634093,2025-12-21,Alta,3.6543833898508895,João,108.06665357597551
P0268,100,99.95984157741137,2025-10-21,Baixa,6.6034694966721,Carlos,99.95984157741137
P0269,281,244.58115258224922,2025-05-25,Baixa,2.693252087256904,Maria,87.03955607909225
P0270,273,280.66124176756506,2025-01-27,Baixa,2.9709793814910608,João,102.80631566577473
P0271,268,240.5522072230329,2025-01-17,Alta,1.6057799953649314,Carlos,89.75828627725107
P0272,347,323.45414385596496,2025-03-04,Alta,7.723005275248573,Carlos,93.21445067895243
P0273,207,182.63714517541848,2025-09-24,Média,5.562936733470256,João,88.2305049156611
P0274,469,434.8036038233827,2025-03-05,Alta,3.143671350396058,João,92.7086575316381
P0275,396,397.50290304001544,2025-02-08,Alta,6.006139531302614,Maria,100.37952096970086
P0276,363,302.44549012611776,2025-05-10,Média,4.188161787704088,Ana,83.3183168391509
P0277,129,107.27150815202974,2025-04-25,Alta,8.534889192603416,João,83.1562078697905
P0278,401,403.0575324542035,2025-02-14,Média,5.753330927158276,Ana,100.51310036264427
P0279,460,475.5822010148959,2025-08-04,Média,1.268296505684435,Maria,103.38743500323824
P0280,451,435.413442441583,2025-03-29,Baixa,9.865857577057652,Ana,96.54400054137096
P0281,416,355.46879855561974,2025-12-02,Alta,1.6686868441234082,Ana,85.44923042202399
P0282,324,301.0695656606881,2025-06-26,Baixa,7.263623700100628,Carlos,92.92270545082967
P0283,496,509.6165177307414,2025-09-22,Alta,4.935302552823494,Maria,102.74526567152044
P0284,188,189.07534692756101,2025-04-15,Baixa,3.2438602586808667,João,100.571993046575
P0285,333,277.3755612341551,2025-11-30,Média,7.088124110166127,Ana,83.2959643345811
P0286,267,291.2286891947555,2025-10-28,Média,2.1330761833448832,Maria,109.07441542874736
P0287,330,286.11302420774734,2025-06-20,Média,8.724220286108427,Carlos,86.7009164265901
P0288,225,194.8762915591807,2025-04-18,Média,3.255507873218189,Carlos,86.61168513741364
P0289,160,150.0731478917819,2025-12-21,Alta,4.253082925455706,Ana,93.79571743236369
P0290,219,196.6998735753032,2025-06-10,Alta,6.693792726737767,Ana,89.81729387000146
P0291,289,316.511585215469,2025-10-10,Baixa,1.0092638400883,João,109.51957965933184
P0292,220,181.04832503477274,2025-02-09,Alta,5.254737529499804,Maria,82.29469319762399
P0293,147,131.11396831971655,2025-01-26,Alta,9.04824029351504,João,89.19317572769833
P0294,301,275.35981108658484,2025-03-24,Baixa,7.123740771462726,João,91.48166481281889
P0295,158,149.78995630242,2025-06-22,Média,4.491103284447711,Carlos,94.80376981165823
P0296,284,228.59782772753604,2025-06-22,Baixa,6.943819853299169,Maria,80.49219286180846
P0297,322,265.5561819326799,2025-10-09,Baixa,9.429124824130056,João,82.47086395424841
P0298,110,96.50771821008378,2025-03-11,Média,2.69024785152385,Carlos,87.73428928189435
P0299,380,367.156237312158,2025-11-19,Baixa,5.786272079548006,Ana,96.62006245056789
P0300,288,296.735463664716,2025-01-06,Baixa,3.1126382309178577,João,103.03314710580418
P0301,401,403.3853904624384,2025-10-11,Baixa,8.68802175253634,Ana,100.59486046444847
P0302,409,396.77395679106434,2025-07-14,Alta,7.489452264414069,Maria,97.01074738167831
P0303,336,308.84107024454806,2025-01-13,Média,8.209683282245443,João,91.91698519182978
P0304,133,141.14071064002053,2025-03-04,Média,9.487106672438497,Ana,106.12083506768461
P0305,439,411.7520439471129,2025-01-13,Baixa,3.0907789874396343,Ana,93.79317629774782
P0306,234,208.2075469537469,2025-09-06,Alta,1.4384725436417312,Maria,88.97758416826791
P0307,161,159.19688604735438,2025-07-24,Média,3.6181334815203376,Carlos,98.88005344556173
P0308,412,415.1454135780678,2025-09-10,Média,4.592253777654432,Carlos,100.76344989758927
P0309,326,299.77038994719607,2025-02-09,Baixa,6.626438260055798,João,91.95410734576566
P0310,192,155.22105298824468,2025-06-14,Baixa,8.179341062281393,Ana,80.84429843137744
P0311,215,178.07148176526783,2025-01-31,Baixa,4.148229592421946,Carlos,82.82394500710132
P0312,431,454.1359367218505,2025-01-17,Média,5.261472880632362,João,105.36796675680986
P0313,232,189.53573531449743,2025-05-17,Baixa,8.069205393875727,Ana,81.69643763555923
P0314,431,421.3481429485478,2025-11-16,Baixa,3.0279585369589777,João,97.76059001126399
P0315,392,335.2042237288485,2025-11-09,Baixa,2.9541873514458867,Maria,85.51128156348176
P0316,292,253.6539431129899,2025-06-14,Alta,6.303096908470304,João,86.86778873732531
P0317,499,440.11809377250637,2025-10-08,Baixa,4.924511474660804,Maria,88.20001879208544
P0318,129,104.6818766458247,2025-08-11,Média,9.540071227318917,Ana,81.14874158591063
P0319,397,338.70872115010883,2025-05-02,Baixa,4.213274886861202,Ana,85.31705822420878
P0320,160,159.22399925666917,2025-03-19,Média,7.836000431561496,Ana,99.51499953541824
P0321,403,382.69490176754783,2025-11-09,Alta,6.247834691176322,João,94.96151408624016
P0322,439,456.20824059181786,2025-11-23,Alta,1.4911848275470865,Ana,103.91987257216809
P0323,448,366.63093912052074,2025-03-29,Baixa,1.7594699320850358,Ana,81.83726319654481
P0324,423,451.2011937943321,2025-04-23,Média,2.828408393709912,Maria,106.66694888754895
P0325,401,440.66674338750664,2025-04-10,Baixa,2.2883736056412336,Ana,109.8919559569842
P0326,468,376.6098921037292,2025-10-30,Baixa,3.964343406799984,Ana,80.4721991674635
P0327,127,138.46708649707148,2025-08-27,Média,6.210900243988212,Ana,109.029201966198
P0328,176,153.25355124486987,2025-12-12,Média,6.421262887066476,Carlos,87.0758813891306
P0329,220,221.70784712159846,2025-04-21,Média,6.2899100664646586,Ana,100.77629414618113
P0330,102,90.54999335901074,2025-03-31,Média,2.058477711698387,João,88.77450329314779
P0331,136,130.08996545289884,2025-05-19,Média,6.4020286977444645,Maria,95.65438636242561
P0332,246,234.46888602590906,2025-05-15,Alta,4.687721981716465,Ana,95.31255529508498
P0333,191,173.49134397243185,2025-01-12,Alta,9.127473987274543,João,90.83316438347218
P0334,438,444.68564535308707,2025-09-01,Alta,9.20785776496925,Maria,101.52640304865001
P0335,372,364.51943137594594,2025-07-01,Média,7.913564440154555,Maria,97.98909445589945
P0336,476,453.38195616308553,2025-07-14,Média,7.327964359893017,João,95.24831011829528
P0337,186,203.64243360503875,2025-12-28,Média,2.0345744558572574,João,109.48517935754771
P0338,139,150.39838890201153,2025-05-02,Baixa,1.762247904280275,Carlos,108.20027978561981
P0339,277,300.9967187854533,2025-02-22,Alta,8.567503218226772,Carlos,108.66307537380986
P0340,428,455.56199643874214,2025-12-22,Alta,4.843142348117096,Ana,106.43971879409864
P0341,384,336.5938950245046,2025-06-22,Baixa,5.062260476808515,Carlos,87.6546601626314
P0342,141,127.60398611037706,2025-06-28,Baixa,8.630137810117272,João,90.49928092934543
P0343,384,333.8174921716425,2025-10-20,Alta,6.592878631547094,Carlos,86.93163858636524
P0344,165,180.8157559175309,2025-02-28,Média,2.614665168118951,Maria,109.5853066166854
P0345,223,188.61307908717757,2025-02-23,Alta,2.8991190608862447,João,84.57985609290473
P0346,244,222.0286605069119,2025-09-14,Média,1.0573945213135127,Ana,90.99535266676718
P0347,219,188.27721870406174,2025-09-02,Alta,7.396030845474083,Maria,85.9713327415807
P0348,208,180.3435178802974,2025-05-29,Alta,5.370504926450366,Maria,86.7036143655276
P0349,191,166.95813579922404,2025-10-11,Baixa,9.549675215533286,Maria,87.41263654409636
P0350,467,463.2178616459496,2025-01-16,Baixa,7.4261152112344115,João,99.19012026679863
P0351,407,334.88562810038553,2025-06-25,Média,1.9283739468991004,João,82.28148110574584
P0352,159,154.5096749718545,2025-01-28,Média,2.453873139453425,Ana,97.17589620871352
P0353,449,469.55785602746874,2025-05-09,Alta,5.5155218210499335,Carlos,104.57858708852311
P0354,326,335.76602535191336,2025-08-11,Baixa,9.323867517964592,Carlos,102.99571329813293
P0355,339,286.5741617153125,2025-09-01,Média,3.225259808954034,Carlos,84.53515094846978
P0356,311,334.14447085486256,2025-12-20,Média,8.430221817211953,Carlos,107.44195204336418
P0357,499,514.4825300962947,2025-08-26,Média,3.810451781221076,Maria,103.10271144214323
P0358,197,157.9133783961312,2025-08-20,Alta,3.429074706002003,João,80.15907532798539
P0359,113,115.39696617699198,2025-11-22,Média,9.11253474397446,Carlos,102.1212090061876
P0360,317,323.7288016369521,2025-04-02,Média,1.425174328653875,Maria,102.12265035865997
P0361,269,255.2930576995768,2025-01-03,Baixa,6.946669348604596,João,94.90448241619956
P0362,406,330.4006582695762,2025-03-22,Baixa,1.388507628531008,João,81.37947248019117
P0363,379,369.1353051827031,2025-02-13,Baixa,8.206874079144024,João,97.39717814847047
P0364,462,475.7325009407553,2025-06-04,Alta,8.46463919459956,Maria,102.97240280102929
P0365,309,272.3100249282568,2025-01-24,Baixa,9.040209171936858,Carlos,88.12622165963002
P0366,355,355.0427652438154,2025-04-09,Baixa,2.674810554346544,João,100.01204654755362
P0367,270,244.66802179859496,2025-06-20,Baixa,2.1204834033376043,Maria,90.61778585133146
P0368,172,167.21090937775514,2025-05-28,Baixa,5.531815419023203,João,97.21564498706694
P0369,246,225.18095230805392,2025-05-03,Média,3.444693594040504,Ana,91.53697248294874
P0370,439,391.20538507454154,2025-04-22,Alta,6.456677250223587,Ana,89.11284398053338
P0371,416,439.61812653391917,2025-05-10,Média,5.6237256151368165,Maria,105.67743426296134
P0372,205,210.36105293990067,2025-03-09,Média,2.303668992028841,Carlos,102.61514777556131
P0373,193,174.40150485704535,2025-12-13,Alta,7.65343444466594,Carlos,90.36347401919448
P0374,162,150.72309778249917,2025-11-12,Média,8.234059406733374,João,93.03894924845628
P0375,253,254.90028941673876,2025-08-05,Baixa,9.66738720154793,Carlos,100.75110253626039
P0376,354,369.3365664987121,2025-04-06,Alta,4.559849887250254,Carlos,104.33236341771529
P0377,450,452.3860704813362,2025-05-25,Média,4.039614419333988,Ana,100.53023788474138
P0378,134,128.94544954344207,2025-02-02,Média,2.7303639041794456,Maria,96.22794742047915
P0379,422,458.42524632249905,2025-10-13,Baixa,2.627785496882788,Ana,108.63157495793816
P0380,411,424.2519083141348,2025-01-05,Média,3.889479568419868,Maria,103.22430859224691
P0381,395,329.6976354563677,2025-04-28,Média,9.836350321188412,João,83.46775581173867
P0382,352,340.53948883243726,2025-05-20,Média,1.8303280725174065,Ana,96.74417296376059
P0383,256,236.25395005918605,2025-08-18,Alta,3.334295818697352,Maria,92.28669924186956
P0384,233,241.9660010116765,2025-06-09,Alta,1.7738055718753745,Carlos,103.84806910372382
P0385,228,185.45495151584836,2025-10-21,Média,3.462682534621638,Maria,81.33989101572297
P0386,379,349.8992699047281,2025-09-06,Média,1.8316128927763449,Carlos,92.32170709887285
P0387,457,409.23568283359197,2025-09-30,Baixa,5.5747798008042535,João,89.54828946030459
P0388,470,395.90722382574035,2025-07-05,Alta,4.945200881682847,Carlos,84.23557953739156
P0389,351,320.68807334315096,2025-02-09,Alta,2.5664529734790684,Maria,91.36412345958716
P0390,234,234.43057952855045,2025-08-12,Alta,2.5732710439766757,Ana,100.18400834553438
P0391,430,390.6564471691959,2025-06-01,Média,6.634981663474536,Maria,90.8503365509758
P0392,110,107.14021698662806,2025-05-20,Baixa,4.484092050914889,Ana,97.40019726057096
P0393,391,382.33682366368095,2025-05-08,Baixa,1.5057544305993122,Maria,97.78435387817927
P0394,247,241.10493451500028,2025-12-17,Média,9.281733397903611,Maria,97.61333381174101
P0395,418,400.8032982466034,2025-05-27,Média,4.644572372288203,João,95.88595651832617
P0396,179,149.48226825614424,2025-10-12,Baixa,6.319427993710193,Carlos,83.50964707047164
P0397,290,251.00566568687336,2025-08-06,Baixa,8.968707549265362,Maria,86.55367782305979
P0398,443,460.7289144337565,2025-08-08,Alta,4.61943097546283,Ana,104.00201228752968
P0399,129,122.6415444213089,2025-05-25,Média,8.385940354701244,Carlos,95.07096466768131
P0400,458,463.41488579590975,2025-11-25,Alta,9.23277002142655,João,101.18228947508948
P0401,467,453.444262137808,2025-10-04,Baixa,2.566606452970332,Carlos,97.09727240638286
P0402,328,266.2071210428235,2025-08-30,Alta,9.03243214002978,Maria,81.16070763500716
P0403,183,190.11213591908276,2025-03-01,Baixa,2.0784920203574035,Ana,103.88641307053703
P0404,249,204.00501733132,2025-04-08,Baixa,3.476146684413997,Ana,81.9297258358715
P0405,460,498.1580190598831,2025-11-27,Alta,8.273903028852128,Carlos,108.29522153475719
P0406,288,249.00856603531855,2025-06-30,Média,9.106160934588504,Ana,86.46130765115228
P0407,120,114.4466211645654,2025-04-24,Alta,7.157249095357514,Maria,95.3721843038045
P0408,136,111.3943921326041,2025-04-13,Alta,1.943432645702435,Ana,81.9076412739736
P0409,345,368.6255011919125,2025-12-02,Média,5.7069304921427735,Ana,106.84797135997464
P0410,382,417.90115317312666,2025-11-15,Média,6.153706981447943,Ana,109.39820763694415
P0411,201,169.62143791408775,2025-02-26,Alta,3.536737570005918,Maria,84.38877508163569
P0412,393,349.273233359986,2025-10-12,Baixa,9.92166226210358,João,88.8735962748056
P0413,331,266.3763300841291,2025-05-09,Alta,4.020651611734575,Ana,80.47623265381544
P0414,415,429.9772037499484,2025-11-11,Baixa,2.892292923648333,João,103.6089647590237
P0415,425,379.71170241688014,2025-03-27,Média,1.99122425786844,Carlos,89.34392998044238
P0416,387,377.96403019058664,2025-07-19,Média,4.406511347858242,Carlos,97.66512408025496
P0417,435,353.11801441704193,2025-03-12,Baixa,7.233568224814481,Maria,81.17655503840044
P0418,344,349.035499520834,2025-12-11,Alta,3.0827538396323497,Maria,101.46380800024244
P0419,486,465.98709785741084,2025-04-08,Média,7.925897957172349,Maria,95.88211890070181
P0420,276,280.82836436870355,2025-10-27,Baixa,2.2186114094955443,Maria,101.74940737996505
P0421,312,323.50321971093024,2025-06-25,Baixa,4.9642113788071365,João,103.68692939452893
P0422,457,377.8351969531181,2025-08-21,Alta,7.321363660954368,Maria,82.67728598536502
P0423,201,195.65895488383148,2025-03-16,Baixa,2.21778462418874,João,97.34276362379676
P0424,385,383.06853591332737,2025-05-23,Baixa,6.380579889954797,Ana,99.49832101644867
P0425,121,115.55689076820333,2025-01-23,Alta,8.190572611752149,Ana,95.50156261834985
P0426,118,100.85729269858534,2025-06-30,Média,6.359940066602859,Carlos,85.47228194795368
P0427,386,400.93016549388597,2025-02-14,Média,5.603175318947658,Carlos,103.86791852173212
P0428,375,412.2140619944548,2025-04-02,Média,8.544695978825565,João,109.92374986518796
P0429,246,268.332144629225,2025-09-26,Baixa,9.86878315001095,Maria,109.0781075728557
P0430,485,501.1305517041872,2025-02-03,Baixa,2.631816571196573,Carlos,103.32588694931695
P0431,139,128.6350920401938,2025-06-15,Alta,7.222117071947834,João,92.54323168359267
P0432,266,239.71657972763379,2025-03-11,Baixa,1.7259179890558305,Carlos,90.11901493520067
P0433,190,155.90711054874743,2025-12-30,Baixa,1.3855692157655246,Maria,82.05637397302496
P0434,171,158.15548738246173,2025-07-15,Média,3.527370732079091,João,92.48858911255073
P0435,464,392.92196480426645,2025-05-13,Baixa,9.73827809674192,Carlos,84.68145793195397
P0436,382,334.74675816779086,2025-09-04,Baixa,5.969760862320439,Maria,87.63004140518086
P0437,434,463.32365786769117,2025-06-17,Baixa,3.4144420955987007,João,106.75660319532054
P0438,239,260.6432877793544,2025-10-04,Alta,2.1932748676446288,João,109.05576894533657
P0439,338,366.58388264722817,2025-06-05,Baixa,9.281650627120024,João,108.45677001397283
P0440,177,151.86718691828406,2025-01-23,Alta,4.261299236842966,Ana,85.80067057530172
P0441,298,318.93994221623785,2025-07-19,Média,3.760275433482984,João,107.02682624705969
P0442,116,97.72438447132923,2025-10-02,Baixa,8.721670887991046,Carlos,84.24515902700796
P0443,317,301.87848576902184,2025-02-19,Alta,6.439625485397835,João,95.22980623628449
P0444,328,325.7364753388144,2025-07-05,Média,2.5177250047746447,João,99.30990101793121
P0445,439,412.1068871873252,2025-01-20,Baixa,4.793594783672546,João,93.87400619301258
P0446,237,257.27564165813516,2025-04-26,Alta,9.35407961295137,João,108.55512306250428
P0447,246,221.39109896416048,2025-04-02,Alta,9.11083217107919,João,89.99638169274816
P0448,309,296.0879093691905,2025-12-15,Média,1.6309881345187975,Ana,95.82132989294192
P0449,257,211.41719002548209,2025-12-05,Baixa,3.4175187347736,Maria,82.26349806438992
P0450,252,266.0281782539087,2025-02-22,Baixa,2.3908545822623446,Ana,105.56673740234473
P0451,443,409.33599532095025,2025-05-03,Baixa,5.804305428325104,Carlos,92.40090187831834
P0452,429,433.35848327669004,2025-12-07,Alta,7.749849853272866,Maria,101.01596346775992
P0453,482,484.25271824974595,2025-12-04,Baixa,3.659888900403709,Carlos,100.46736893148255
P0454,457,458.3156426075752,2025-09-22,Alta,7.821964696467895,João,100.2878867850274
P0455,451,429.3887491158818,2025-01-04,Alta,7.018440157622512,Carlos,95.20814836272325
P0456,262,231.4129769370603,2025-06-18,Média,7.553999884667651,Ana,88.32556371643523
P0457,406,400.9365172327769,2025-10-08,Alta,9.534193419723875,Ana,98.7528367568416
P0458,200,217.7074902286731,2025-10-17,Média,4.821506747080325,João,108.85374511433655
P0459,426,447.378714909939,2025-03-14,Média,4.083112221503312,João,105.01847767838943
P0460,426,354.70057999257267,2025-05-17,Baixa,7.154624873185189,Maria,83.2630469466133
P0461,254,204.96688000089512,2025-12-04,Média,8.268014273300112,Ana,80.6956220475965
P0462,109,103.51636336966321,2025-09-13,Baixa,2.723007625383445,Ana,94.96914070611304
P0463,452,466.8024600925183,2025-05-21,Média,8.621196407332853,Maria,103.2748805514421
P0464,282,252.15615599794575,2025-07-27,Alta,1.5206724189918226,Ana,89.41707659501623
P0465,233,235.4165556255055,2025-09-17,Baixa,1.057543768684176,Maria,101.03714833712682
P0466,105,113.3555198235225,2025-09-20,Alta,2.425844344655615,Ana,107.95763792716428
P0467,432,405.08439209873313,2025-09-28,Baixa,9.808004682759092,Carlos,93.76953520804008
P0468,432,377.2430914474886,2025-02-07,Alta,5.712088398559988,Carlos,87.32478968691866
P0469,357,383.8918670287945,2025-07-22,Média,1.4191067036269844,Maria,107.5327358624074
P0470,310,291.9205486523455,2025-08-12,Baixa,9.974581156447416,Maria,94.16791892011145
P0471,150,138.35276880037995,2025-12-13,Baixa,7.704201293443202,João,92.2351792002533
P0472,246,222.8780839797202,2025-02-21,Baixa,8.542045683560946,Ana,90.60084714622772
P0473,476,441.20682080826253,2025-03-22,Média,2.9164647383207507,Carlos,92.6905085731644
P0474,227,227.4760998698186,2025-12-22,Alta,1.949044908127219,João,100.20973562547076
P0475,357,332.05137207527855,2025-07-30,Média,5.63576448445871,Ana,93.01158881660464
P0476,150,134.5900749851649,2025-01-07,Média,7.949581158540182,Carlos,89.7267166567766
P0477,253,258.84209881598275,2025-12-29,Média,6.740025870866478,Ana,102.3091299667916
P0478,169,145.4906513501369,2025-02-14,Alta,6.679533983663539,Maria,86.08914281073189
P0479,375,322.7175440220999,2025-11-11,Média,7.813864753194879,Carlos,86.05801173922664
P0480,378,381.3757898446517,2025-10-04,Baixa,3.043187429981608,Carlos,100.89306609646871
P0481,409,433.54489125424834,2025-09-16,Média,6.953673536298904,João,106.0011959056842
P0482,498,434.43689942087116,2025-05-22,Alta,4.528996022218216,Ana,87.23632518491388
P0483,233,199.75963575085242,2025-09-15,Baixa,1.6277813678830528,Maria,85.73374924929288
P0484,319,319.348272839525,2025-10-12,Alta,2.819283456190468,Maria,100.10917643872257
P0485,262,258.3950782113698,2025-02-06,Média,8.146033652844032,Ana,98.62407565319458
P0486,235,219.5312904296327,2025-02-14,Alta,9.063376282724112,Ana,93.41757039558838
P0487,156,129.28627794490174,2025-04-30,Baixa,3.5453963037553926,Maria,82.87581919544984
P0488,276,228.39983368529911,2025-02-15,Alta,2.713248442051139,Ana,82.75356292945621
P0489,214,221.10534285664758,2025-05-20,Baixa,1.2405205382065732,João,103.32025367133065
P0490,248,232.011622334239,2025-02-22,Baixa,9.529276497281309,Ana,93.55307352187057
P0491,340,359.512643306639,2025-10-28,Média,7.15469432531687,João,105.73901273724677
P0492,222,215.87726119248825,2025-10-15,Média,9.613270945388445,João,97.24200954616587
P0493,391,385.3779839648284,2025-10-01,Baixa,8.774642646734994,Ana,98.56214423652901
P0494,426,460.19004967591314,2025-09-26,Alta,4.064199334213669,Carlos,108.02583325725661
P0495,168,142.69664105958768,2025-10-06,Baixa,2.014147411799561,Carlos,84.93847682118314
P0496,413,397.6807020098978,2025-03-03,Média,5.49151115374124,João,96.29072687890988
P0497,162,132.4255359583493,2025-02-23,Alta,1.2413241803590391,Ana,81.74415799898104
P0498,320,290.45680459668347,2025-03-10,Baixa,2.3492496532910465,João,90.76775143646358
P0499,115,97.10939824314158,2025-08-30,Média,3.100893661135752,Ana,84.44295499403616
P0500,489,418.7555356671465,2025-09-27,Baixa,6.990819365300276,Ana,85.63507886853712
P0501,177,191.23759963521408,2025-09-09,Baixa,5.588897265586865,Maria,108.04384160181586
P0502,221,217.2882516199836,2025-12-20,Baixa,3.721776005015181,Carlos,98.32047584614642
P0503,357,381.1501360646292,2025-10-11,Alta,6.08291559272206,Carlos,106.76474399569445
P0504,316,294.8457134802431,2025-12-17,Média,2.1268238399953057,Maria,93.3056055317225
P0505,213,208.5894098517902,2025-03-12,Média,7.801373141367513,Maria,97.9293003999015
P0506,469,379.71569786554477,2025-11-19,Baixa,7.408316248779559,Maria,80.9628353657878
P0507,479,450.6674707778218,2025-04-10,Baixa,2.9485240811247646,João,94.08506696823002
P0508,245,237.45816549076847,2025-03-02,Baixa,6.457524001986761,João,96.92170020031365
P0509,336,270.4911935979669,2025-04-13,Alta,5.529723438675141,João,80.50333142796634
P0510,185,191.81664931371205,2025-04-29,Média,1.5473468066481977,João,103.68467530470922
P0511,266,236.37475414527313,2025-01-17,Baixa,3.50338525152521,João,88.86268952829816
P0512,228,213.3501159273167,2025-11-01,Média,9.995344336214671,Carlos,93.57461224882312
P0513,264,253.6219185961421,2025-07-10,Baixa,1.895820949997344,Carlos,96.06890855914475
P0514,376,412.7198388728873,2025-07-31,Média,5.557701763199447,Ana,109.76591459385301
P0515,356,295.3928668861627,2025-03-19,Baixa,8.644003791531194,Carlos,82.97552440622549
P0516,231,223.28087366215772,2025-02-15,Alta,3.705866857046475,Maria,96.65838686673494
P0517,157,150.5909842671927,2025-04-03,Baixa,3.3463777509437547,Carlos,95.91782437400809
P0518,356,292.15955549041985,2025-01-13,Baixa,9.017137465212912,Maria,82.06729086809547
P0519,240,237.643561934049,2025-08-16,Baixa,3.7434695228341575,Carlos,99.01815080585375
P0520,273,241.8933781359031,2025-10-28,Baixa,6.863439801275128,João,88.60563301681432
P0521,274,227.72972681873182,2025-01-17,Baixa,7.662816858978843,Carlos,83.11303898493863
P0522,308,262.90651441686504,2025-10-30,Média,8.097559743763945,Ana,85.35925792755357
P0523,303,317.26553389927926,2025-03-03,Média,9.952836735762968,João,104.70809699646179
P0524,106,88.11116744550912,2025-02-12,Alta,8.228728627389103,João,83.12374287312181
P0525,150,141.01173247081462,2025-03-09,Baixa,6.913109411987809,Ana,94.00782164720974
P0526,358,307.3723332146484,2025-07-31,Média,9.05917201983076,Carlos,85.85819363537665
P0527,277,235.0887805392645,2025-07-22,Média,9.151701720750529,Carlos,84.86959586255037
P0528,130,112.02275861726584,2025-08-02,Baixa,9.758498118936537,Ana,86.17135278251217
P0529,455,431.2648705619282,2025-04-19,Baixa,7.988187380288375,João,94.78348803558862
P0530,417,363.3473314810576,2025-10-11,Alta,2.7543459753831785,Ana,87.13365263334715
P0531,253,209.74203093175936,2025-04-04,Alta,7.388254800135911,Maria,82.90198851057681
P0532,463,481.7145807384317,2025-08-13,Média,1.6761559747943664,Maria,104.04202607741506
P0533,154,148.1397488265319,2025-08-13,Alta,3.861666351238541,Carlos,96.19464209515058
P0534,255,215.9993044061958,2025-08-27,Média,2.042267592840251,João,84.70560957105717
P0535,143,134.6243405063201,2025-04-28,Alta,9.54948346198786,Maria,94.1428954589651
P0536,180,147.69157499313715,2025-04-01,Baixa,4.048787010019258,Ana,82.0508749961873
P0537,265,258.1441741576913,2025-12-06,Alta,7.418940817989248,Carlos,97.41289590856275
P0538,129,116.36979651844189,2025-10-16,Média,6.141865922075145,Carlos,90.20914458793945
P0539,421,349.87565329228977,2025-10-08,Alta,1.967602717514232,João,83.10585588890493
P0540,235,200.94689141572204,2025-01-19,Média,6.052100030927897,Maria,85.50931549605193
P0541,113,102.11932169443963,2025-06-24,Média,6.9492118908238565,Carlos,90.3710811455218
P0542,456,475.1165397471789,2025-04-16,Alta,8.933655315822666,Ana,104.1922236287673
P0543,205,174.68597531813415,2025-10-16,Alta,1.6307707817722883,Maria,85.21267088689471
P0544,458,381.4678640331105,2025-09-05,Média,3.660705865871565,Carlos,83.28992664478395
P0545,417,398.1439697088571,2025-11-19,Baixa,7.231068495213512,Carlos,95.47817019397054
P0546,174,168.36398151976982,2025-05-22,Alta,1.308984722846307,Maria,96.76090891940794
P0547,178,147.2188863634401,2025-10-25,Média,2.831981105597238,Maria,82.70723953002253
P0548,293,259.4061857223219,2025-07-12,Baixa,2.968033567642013,João,88.53453437621907
P0549,462,406.01909565491565,2025-12-17,Média,7.023937714962164,Ana,87.88292113742763
P0550,195,166.89396415347525,2025-10-30,Alta,3.5736461152790278,João,85.58664828383347
P0551,139,124.36210990426726,2025-10-18,Média,6.396360960341417,João,89.46914381601961
P0552,355,287.95205647882864,2025-11-28,Média,9.688136020086766,Ana,81.11325534614892
P0553,496,493.7506077034776,2025-07-27,Média,8.139186838011105,Ana,99.54649348860436
P0554,206,225.8885055630914,2025-09-05,Alta,3.9961252418005535,João,109.65461435101524
P0555,116,114.86482750792986,2025-05-22,Baixa,5.251599719554279,Maria,99.02140302407747
P0556,114,103.5488146085975,2025-11-07,Baixa,2.806065118909026,Ana,90.83229351631358
P0557,371,371.13841651751386,2025-08-10,Baixa,1.1414800927310484,João,100.03730903437031
P0558,112,108.80293494639217,2025-08-13,Baixa,3.607438583123724,Maria,97.1454776307073
P0559,346,364.6934731949664,2025-12-20,Alta,4.324677500844444,Carlos,105.40273791762034
P0560,313,308.7940212762099,2025-07-03,Média,6.079304556266278,Maria,98.65623682946003
P0561,250,247.55572659659367,2025-12-30,Baixa,9.496599843373568,João,99.02229063863747
P0562,391,338.80120928442216,2025-11-01,Baixa,9.530668657646505,Ana,86.64992564818981
P0563,142,131.30572036170147,2025-07-07,Alta,1.630884689733599,Maria,92.4688171561278
P0564,213,192.40818625033776,2025-04-23,Média,6.531811115780533,Maria,90.3324818076703
P0565,429,344.6704216188628,2025-06-30,Média,1.3811738579907051,Maria,80.34275562211253
P0566,180,160.91715938700932,2025-07-18,Baixa,6.832729673341332,Ana,89.39842188167184
P0567,449,424.6725681463014,2025-03-11,Baixa,2.0593275604763197,Ana,94.58186372968851
P0568,240,235.18910159112585,2025-03-27,Média,9.517625425198904,Maria,97.99545899630243
P0569,129,139.36781823769462,2025-02-08,Alta,8.779048142850725,Maria,108.03706840131366
P0570,129,112.4537024872249,2025-05-11,Média,1.2009594749804495,João,87.17341278079451
P0571,365,308.69097452638715,2025-01-10,Média,8.039185520120707,Ana,84.57286973325675
P0572,198,210.04507392653815,2025-01-03,Baixa,6.723074054535499,Maria,106.08337066996876
P0573,193,208.93296990772114,2025-10-29,Alta,5.4583227157094125,Ana,108.25542482265345
P0574,310,293.3797451180409,2025-05-30,Alta,6.423710380772396,Ana,94.63862745743255
P0575,394,328.8185975397561,2025-03-08,Alta,7.104250544168238,Ana,83.45649683750156
P0576,136,128.60384261050044,2025-07-12,Baixa,8.960117280044617,João,94.56164897830914
P0577,486,404.7568370916566,2025-04-07,Alta,7.906218949384709,Carlos,83.28329981309807
P0578,188,200.2116666387174,2025-01-19,Alta,6.1784003739699145,Ana,106.49556736101988
P0579,354,358.4055411102458,2025-11-14,Baixa,8.421540946705075,Ana,101.24450313848752
P0580,313,273.0427659629694,2025-04-08,Média,9.8823066085324,Maria,87.23411053130012
P0581,113,120.4588145034391,2025-02-26,Alta,3.701638188039652,Ana,106.60072079950362
P0582,291,288.4888209460056,2025-12-17,Média,2.0657862461644134,Carlos,99.13705187147958
P0583,394,427.8757264004067,2025-04-17,Alta,7.583034346378297,Ana,108.59790010162607
P0584,281,307.4544512715891,2025-03-29,Média,9.807367005216848,João,109.41439547031642
P0585,229,183.42545892049384,2025-05-21,Média,2.0503532908222084,Maria,80.09845367707155
P0586,323,270.0487568547692,2025-05-24,Baixa,4.885365322074179,Carlos,83.60642627082638
P0587,142,136.89889129237122,2025-02-21,Baixa,1.5604087796715,João,96.40766992420508
P0588,280,304.29164145525255,2025-07-31,Alta,7.988787484937108,Carlos,108.67558623401877
P0589,486,533.7592640573137,2025-02-10,Alta,9.53837844145401,Maria,109.82700906529088
P0590,268,260.019597998403,2025-10-31,Baixa,5.490947390068,Ana,97.0222380591056
P0591,363,309.3269821461356,2025-04-01,Alta,4.685690325341703,Maria,85.21404466835692
P0592,195,165.53842617050933,2025-02-08,Alta,9.16947120925469,Maria,84.8915006002612
P0593,302,310.80551288514096,2025-01-13,Baixa,2.200495503854049,Ana,102.91573274342416
P0594,420,410.58414751699354,2025-04-06,Média,9.02425880327523,João,97.75813036118893
P0595,434,418.6503616410458,2025-04-19,Alta,4.529134025212307,Carlos,96.4632169679829
P0596,487,457.64825529420546,2025-04-14,Baixa,6.034657711221076,João,93.97294769901549
P0597,167,169.92924479174226,2025-12-20,Alta,5.7546289461547815,Ana,101.75403879745046
P0598,191,201.96650445706362,2025-08-19,Alta,6.543812569694005,Carlos,105.74162537019038
P0599,365,325.1739098909222,2025-02-12,Baixa,9.479109823817536,Ana,89.08874243586908
P0600,430,372.4983919656899,2025-07-28,Baixa,9.5601432904064,João,86.62753301527673
P0601,277,277.29355072077175,2025-03-29,Alta,8.480334404473169,Maria,100.10597498944828
P0602,250,268.6049318041215,2025-04-03,Alta,2.723896693340195,Carlos,107.44197272164861
P0603,416,376.250048529982,2025-06-23,Média,4.001646919496134,Ana,90.4447232043226
P0604,146,128.7332319999708,2025-05-06,Média,5.390423652290902,Carlos,88.17344657532247
P0605,102,88.51910768520996,2025-04-19,Baixa,9.149148454316656,Carlos,86.78343890706859
P0606,202,177.02214900641584,2025-02-16,Alta,5.687783414615907,João,87.63472723089893
P0607,372,312.6585610743711,2025-08-02,Baixa,9.79692098201918,Maria,84.04800028880943
P0608,121,118.46304966218324,2025-04-02,Baixa,9.854570545022945,Carlos,97.90334682825062
P0609,215,190.11328142865102,2025-06-30,Alta,6.387258335166844,João,88.42478205983768
P0610,446,439.07955558982763,2025-02-10,Média,8.8974580559303,Carlos,98.44833084973715
P0611,499,411.62994272203144,2025-09-16,Baixa,9.99300440821509,Maria,82.49097048537705
P0612,203,169.43131863997885,2025-05-01,Baixa,8.647448662190978,Carlos,83.46370376353637
P0613,358,343.9816430453919,2025-03-18,Alta,6.912199118676291,Maria,96.08425783390835
P0614,407,388.05792832052134,2025-04-05,Média,8.606201729684454,João,95.34592833428043
P0615,466,410.75708775795687,2025-09-26,Média,1.7438955561083898,João,88.14529780213667
P0616,397,416.1112844280066,2025-12-27,Alta,6.713391857768554,Maria,104.81392554861628
P0617,229,196.05014022640066,2025-01-18,Baixa,2.948698290115046,Maria,85.61141494602649
P0618,394,357.83014487845264,2025-10-20,Alta,2.0445728558560665,João,90.81983372549558
P0619,401,387.62805824051003,2025-06-20,Alta,9.035841270952917,Maria,96.66535118217207
P0620,147,155.84400962092758,2025-06-11,Média,6.756804493822484,Maria,106.01633307546095
P0621,126,116.62122686130417,2025-11-07,Baixa,3.1919189132973136,Ana,92.55652925500331
P0622,114,104.83215267607893,2025-02-21,Baixa,4.481040679661337,Carlos,91.95802866322713
P0623,362,352.5377646842529,2025-02-05,Média,9.759488908180526,João,97.38612284095385
P0624,464,415.28400183243514,2025-07-06,Baixa,8.759638475916658,João,89.50086246388689
P0625,397,402.06253445130716,2025-09-05,Baixa,1.1402361595046435,Ana,101.2751975947877
P0626,364,318.35759672083697,2025-02-21,Alta,9.818208956191098,Maria,87.46087822001016
P0627,460,481.6010475777493,2025-01-19,Alta,4.316765260118116,Maria,104.69587990820636
P0628,233,205.43750357802895,2025-04-02,Alta,7.258763493873323,Maria,88.17060239400384
P0629,175,192.1168110202519,2025-05-19,Baixa,7.414089081482742,João,109.78103486871538
P0630,129,115.44709775647978,2025-10-31,Baixa,9.205159921363247,Ana,89.49387422982929
P0631,439,466.94140246088955,2025-12-23,Baixa,8.965547885832532,Carlos,106.36478415965594
P0632,225,206.8215269021589,2025-08-08,Baixa,3.5355663230469485,Ana,91.92067862318173
P0633,183,159.90841082749807,2025-04-09,Média,6.791819304571578,João,87.38164526092791
P0634,153,132.7808931961303,2025-08-24,Média,4.54334880636104,Carlos,86.78489751381065
P0635,465,490.60168381805806,2025-07-26,Baixa,5.729893628137478,Maria,105.50573845549636
P0636,382,340.9830922314557,2025-05-24,Alta,5.992106728914452,Ana,89.26258958938631
P0637,439,395.7887482799987,2025-07-18,Alta,4.567091012479331,Ana,90.15689026879241
P0638,362,310.993445864109,2025-10-30,Média,5.175046183963841,João,85.90979167516824
P0639,459,499.57441368460314,2025-11-19,Média,2.8750804112891006,Ana,108.83974154348653
P0640,321,280.36884147966737,2025-10-14,Baixa,6.468817449353246,Carlos,87.34231821796492
P0641,427,373.2975275915445,2025-11-28,Baixa,7.830638338984846,Ana,87.42330856944837
P0642,101,109.4001060747173,2025-09-21,Baixa,4.867670837109471,João,108.31693670764089
P0643,497,531.9240192797819,2025-08-05,Baixa,9.799120793836618,Ana,107.0269656498555
P0644,493,431.21391962230877,2025-07-08,Baixa,1.515037666703217,Carlos,87.46732649539732
P0645,405,429.0641566964357,2025-02-13,Alta,6.302446135724931,Carlos,105.94176708553968
P0646,245,214.3620061618296,2025-10-18,Alta,6.252406960993858,João,87.49469639258352
P0647,117,96.56469218633589,2025-07-08,Baixa,1.326666505696745,Maria,82.53392494558624
P0648,115,120.30246651965598,2025-07-13,Alta,3.021131551579642,João,104.61084045187476
P0649,407,419.8072510692465,2025-09-27,Baixa,9.149883252846088,Maria,103.1467447344586
P0650,258,229.20723521891992,2025-09-17,Baixa,5.900626401482924,Carlos,88.84001365074415
P0651,439,363.07130434064766,2025-08-27,Média,4.927472874710924,Ana,82.70416955367828
P0652,451,388.7311810697581,2025-04-22,Alta,4.739468009831549,Ana,86.19316653431443
P0653,397,409.43283759496006,2025-03-10,Alta,8.993447488180983,Carlos,103.13169712719397
P0654,308,335.54269810068024,2025-02-18,Média,4.303280580594272,João,108.9424344482728
P0655,304,266.8209889476576,2025-11-07,Alta,8.73250176093632,Ana,87.77006215383474
P0656,212,221.64125974585457,2025-05-31,Média,3.782733393785052,João,104.54776403106348
P0657,277,240.54120382471754,2025-08-27,Alta,5.783535860525591,Ana,86.83797972011463
P0658,308,309.19507620463776,2025-12-03,Baixa,2.29437792582318,Maria,100.38801175475251
P0659,223,183.99374107820913,2025-04-25,Média,8.425272810191,Ana,82.5084040709458
P0660,114,111.21711090107331,2025-03-16,Baixa,7.623773839043451,Maria,97.55886921146781
P0661,445,391.93685047449486,2025-04-08,Baixa,5.7708375712728985,Ana,88.07569673584155
P0662,397,427.86825249417865,2025-04-21,Alta,1.233111767310755,Ana,107.77537846200973
P0663,144,127.7172383952508,2025-12-23,Média,5.3313159867179865,Ana,88.69252666336861
P0664,193,177.4697162325276,2025-10-12,Baixa,3.0267687540272217,Ana,91.95322084586923
P0665,206,216.7539690693531,2025-09-13,Baixa,4.720368662875174,Ana,105.22037333463743
P0666,377,351.16885528604246,2025-11-14,Média,8.7078383997278,João,93.14823747640384
P0667,227,197.83587434723395,2025-11-05,Alta,7.926429748156597,Maria,87.15236755384755
P0668,137,132.10407158875563,2025-04-27,Baixa,3.177576185568374,Maria,96.42632962682893
P0669,196,206.19148230421897,2025-06-25,Alta,9.864580896329954,Ana,105.19973586949946
P0670,297,276.19612522961455,2025-08-16,Média,9.12889455661421,João,92.99532836013958
P0671,291,244.40116510758494,2025-12-13,Alta,5.758060988203898,João,83.98665467614603
P0672,456,417.2062897140659,2025-04-16,Média,5.77135288259122,Carlos,91.4926073934355
P0673,106,115.1523092323953,2025-12-08,Alta,9.11139368502972,Carlos,108.63425399282576
P0674,143,117.48972751369163,2025-08-27,Alta,6.725303275953087,João,82.16064861097317
P0675,431,397.611960797529,2025-04-10,Baixa,5.830195706764957,Carlos,92.2533551734406
P0676,106,105.40731564729727,2025-06-25,Alta,7.742336713128364,Maria,99.44086381820497
P0677,293,241.30170813401924,2025-12-16,Baixa,3.1158740374367704,João,82.35553178635469
P0678,415,374.946592101882,2025-09-06,Média,8.905396777260396,Carlos,90.34857641009205
P0679,100,108.2173506182079,2025-03-17,Média,5.782737163672489,João,108.2173506182079
P0680,161,130.27970393355673,2025-01-03,Baixa,6.431493654745307,Carlos,80.9190707661843
P0681,442,453.2809732224881,2025-03-22,Alta,1.8094948412935103,João,102.55225638517831
P0682,188,197.8535480900702,2025-12-27,Média,3.785580628860085,Ana,105.24124898407989
P0683,117,103.32483146216305,2025-10-15,Média,4.840618030048851,Maria,88.31182176253252
P0684,207,178.93376234718036,2025-01-08,Média,4.725185710924175,Carlos,86.44143108559437
P0685,234,251.42042672975174,2025-03-28,Baixa,8.004559295606121,Ana,107.44462680758622
P0686,470,483.72423906278215,2025-10-13,Média,3.540901577410072,João,102.92005086442173
P0687,409,341.1118130687792,2025-03-15,Média,2.638983361087594,Ana,83.40142128821007
P0688,166,143.36742332471687,2025-05-03,Média,6.243555263160278,Maria,86.36591766549209
P0689,192,189.39005692757115,2025-10-21,Média,6.535133725303743,Carlos,98.64065464977664
P0690,237,219.42054364456908,2025-05-23,Baixa,2.094249763776168,Carlos,92.58250786690678
P0691,288,273.96066560583455,2025-06-07,Baixa,1.0222165268739638,João,95.125231113137
P0692,158,171.50311142384749,2025-04-19,Alta,9.25884172019673,Maria,108.54627305306803
P0693,286,264.85620274187136,2025-11-30,Média,1.7167329740200064,Ana,92.60706389575921
P0694,334,355.5445359805898,2025-07-14,Baixa,9.080802387478002,João,106.45045987442808
P0695,168,167.7015338204929,2025-02-05,Alta,4.5929338694777,Carlos,99.82234155981719
P0696,197,164.7877100099712,2025-03-31,Alta,6.877503171955604,Ana,83.6485837614067
P0697,107,109.49867587639181,2025-10-23,Média,2.670532216357566,João,102.3352110994316
P0698,410,391.98571609662673,2025-11-26,Alta,8.415253250447403,Ana,95.60627221868944
P0699,233,202.13429780240003,2025-07-20,Baixa,2.621740482098869,Ana,86.75291751175966
P0700,484,429.2425617115497,2025-02-15,Alta,4.47858233483416,João,88.68647969246895
P0701,155,149.91595775090994,2025-04-17,Alta,3.142232015327437,Ana,96.71997274252254
P0702,459,450.0544328930757,2025-06-19,Baixa,8.537553619182432,Ana,98.0510747043738
P0703,213,232.2664722174838,2025-05-26,Alta,8.725022322839916,Maria,109.04529212088441
P0704,187,197.54979965263433,2025-12-22,Alta,4.348260004332081,Maria,105.64160409231782
P0705,237,204.23517330536416,2025-06-27,Alta,3.766406239038463,Carlos,86.17517860985829
P0706,207,213.66490758221977,2025-03-02,Alta,7.962088376756487,Maria,103.21976211701438
P0707,122,97.90348017835024,2025-01-03,Média,8.906607746301262,João,80.24875424454937
P0708,243,203.863036818939,2025-03-23,Média,6.616179947026574,Ana,83.89425383495433
P0709,456,392.11901691786755,2025-09-20,Baixa,9.34663308156193,Carlos,85.99101248198849
P0710,243,237.93583280885116,2025-10-14,Alta,4.447394315650753,Maria,97.91598057977414
P0711,155,133.05285279295867,2025-11-17,Baixa,2.3669776181562603,Ana,85.8405501890056
P0712,207,188.28344970039257,2025-04-05,Média,2.616786840853372,João,90.95818826105922
P0713,450,392.77527058918076,2025-03-05,Alta,7.02848757067498,Ana,87.28339346426239
P0714,105,94.62862366796885,2025-09-03,Alta,4.667737807707549,João,90.1224987313989
P0715,129,139.67287091120838,2025-03-18,Média,2.40683138507636,Ana,108.273543342022
P0716,484,532.0190463968564,2025-09-16,Alta,3.630041694132471,Carlos,109.9212905778629
P0717,406,408.3209525429685,2025-04-03,Alta,5.7754456482947365,Carlos,100.57166318792328
P0718,461,447.9501786223207,2025-10-18,Média,2.093007402659228,Maria,97.16923614367043
P0719,444,449.5652530627289,2025-09-28,Baixa,1.0309824904996876,Maria,101.2534353744885
P0720,226,233.118019188402,2025-01-21,Baixa,9.255682427460512,Ana,103.14956601256726
P0721,401,409.7032330562246,2025-03-03,Alta,3.7437507170027713,Ana,102.17038230828544
P0722,220,181.40490686120035,2025-12-05,Média,2.9934833080868763,Maria,82.45677584600016
P0723,198,176.83142910563438,2025-09-17,Baixa,7.286327287553699,Maria,89.30880257860322
P0724,265,239.30279485228513,2025-08-25,Baixa,8.680624499627905,Ana,90.3029414536925
P0725,424,386.169169111898,2025-05-21,Alta,6.6905089060917176,Ana,91.07763422450425
P0726,418,377.5769478429034,2025-06-16,Baixa,3.2903447868867843,Ana,90.32941335954627
P0727,340,352.2834143399334,2025-03-08,Média,8.754729610188779,Carlos,103.61276892350983
P0728,149,152.61792865443172,2025-12-16,Baixa,5.593844765144974,João,102.42814003653136
P0729,367,294.10649334848097,2025-02-27,Média,4.430717226642222,João,80.13800908677956
P0730,424,376.8997297885283,2025-07-31,Média,6.442535076696766,Maria,88.89144570484157
P0731,172,169.7810442257228,2025-05-10,Alta,7.305510012744848,Carlos,98.70990943355977
P0732,399,333.5957949520593,2025-01-25,Baixa,6.34446886703628,Ana,83.60796865966398
P0733,151,124.02528274019463,2025-01-11,Alta,9.282209011505254,Ana,82.13594883456598
P0734,364,381.66107464923425,2025-09-14,Baixa,6.652160253991483,Maria,104.85194358495447
P0735,326,305.07252181842836,2025-10-31,Alta,8.907226413630188,Maria,93.58052816516206
P0736,292,308.5582134298668,2025-03-22,Alta,6.282625916384861,Carlos,105.67062103762561
P0737,473,495.2621319863547,2025-10-13,Alta,3.967116163571124,João,104.70658181529697
P0738,338,360.9877709450554,2025-01-19,Baixa,5.790671357348758,João,106.80111566421758
P0739,109,88.77857822843316,2025-04-20,Alta,1.7770302068644233,Ana,81.44823690681942
P0740,401,343.1914469528387,2025-02-03,Média,3.0715717050621487,Maria,85.58390198325154
P0741,458,407.0900707887552,2025-10-15,Baixa,7.896084959833451,Carlos,88.88429493204262
P0742,327,274.9642010468941,2025-11-28,Média,6.9532804961598345,Ana,84.08691163513582
P0743,392,370.6912509244,2025-09-12,Alta,2.4986683948047523,João,94.56409462357142
P0744,151,156.99365311876937,2025-05-06,Alta,4.9421365863227305,João,103.96930670117177
P0745,339,367.935190163415,2025-07-28,Média,2.277929853372248,Carlos,108.53545432549114
P0746,198,211.2407035879021,2025-05-14,Alta,8.702360707365767,Ana,106.68722403429398
P0747,180,168.69618072085365,2025-03-27,Baixa,1.9825273157886,Carlos,93.72010040047425
P0748,112,110.98610100606399,2025-03-16,Média,6.888114970843011,Ana,99.09473304112856
P0749,489,425.0431213099174,2025-05-15,Baixa,6.463000008803522,João,86.9208837034596
P0750,456,419.93163119068663,2025-10-28,Baixa,5.254989810821648,Maria,92.09026999795759
P0751,227,240.92753474810226,2025-06-22,Baixa,3.504111603977276,Maria,106.13547786260011
P0752,403,325.9299804121552,2025-08-01,Alta,4.635608499937264,João,80.87592566058441
P0753,110,105.58105599723467,2025-11-17,Alta,8.257521704149422,Maria,95.98277817930425
P0754,180,191.13110808654716,2025-12-16,Média,7.853957339914922,Maria,106.18394893697065
P0755,360,301.17706637588213,2025-01-19,Média,7.649282036450228,Ana,83.6602962155228
P0756,105,114.95020536146035,2025-04-29,Baixa,7.74841225924952,Carlos,109.47638605853368
P0757,472,379.35463129973357,2025-10-30,Alta,2.294977369198052,Ana,80.37174391943508
P0758,321,342.13335710390277,2025-10-29,Alta,1.8918680532618848,Carlos,106.58360034389493
P0759,397,359.72240361044055,2025-10-12,Alta,8.7534876056862,Carlos,90.61017723184901
P0760,180,151.1652914105992,2025-08-15,Média,8.534571133099995,Maria,83.98071745033289
P0761,102,86.41516016278878,2025-07-31,Alta,7.131864736417271,Carlos,84.72074525763605
P0762,159,160.64622486549874,2025-12-22,Baixa,6.453151707839844,Carlos,101.03536155062814
P0763,320,339.5890889589707,2025-07-08,Baixa,4.301845358341495,João,106.12159029967833
P0764,448,444.55931795163235,2025-11-17,Baixa,3.016743324202029,Carlos,99.23199061420365
P0765,148,159.63538872841747,2025-05-31,Alta,7.008907939568528,João,107.86174914082261
P0766,327,344.24716979508185,2025-08-11,Baixa,9.217311742742291,Ana,105.274363851707
P0767,389,312.2540118699739,2025-05-08,Baixa,4.93296918164335,Maria,80.27095420821951
P0768,392,392.32492853698386,2025-09-05,Média,3.728912232006132,Carlos,100.08288993290404
P0769,397,353.8819914258723,2025-02-20,Média,3.43667632140542,João,89.1390406614288
P0770,292,273.41420102670793,2025-07-10,Alta,1.2133471860977376,Ana,93.6350003516123
P0771,356,294.84248390073543,2025-08-25,Alta,5.682850499746589,Ana,82.8209224440268
P0772,487,430.81468754944814,2025-01-22,Alta,9.894124268693483,Ana,88.46297485614951
P0773,202,199.94076962640997,2025-04-20,Alta,8.337139445253902,João,98.98057902297523
P0774,497,430.16077562121797,2025-11-23,Alta,9.077272463487324,João,86.55146390768974
P0775,465,462.3313652238315,2025-02-02,Média,6.5904768664795546,Maria,99.42610004813581
P0776,245,263.84286455355544,2025-05-07,Média,5.333017694344758,Carlos,107.69096512390017
P0777,389,311.7765335940785,2025-12-22,Média,9.914113066633762,Ana,80.14820915014872
P0778,356,368.7203128671489,2025-02-13,Baixa,5.024458995749622,Maria,103.57312159189576
P0779,408,404.89743093197427,2025-01-07,Baixa,9.25147518142102,João,99.23956640489565
P0780,377,306.87416546519194,2025-05-08,Média,7.856603279053615,Maria,81.39898288201377
P0781,288,298.67044065798706,2025-04-01,Média,3.978805827142474,Ana,103.70501411735663
P0782,277,240.2576980198956,2025-05-10,Alta,5.527559649276865,Ana,86.73563105411394
P0783,115,101.17080865493055,2025-01-17,Média,4.458962995873312,Maria,87.97461622167874
P0784,474,392.49793004714496,2025-11-17,Alta,2.226009467493684,Ana,82.8054704740812
P0785,185,177.65807975155093,2025-07-05,Média,4.210899234059736,João,96.0313944602978
P0786,347,329.4650913619224,2025-04-20,Alta,9.00075595852085,Ana,94.9467122080468
P0787,316,285.7121432006802,2025-10-13,Média,7.773721168141612,Carlos,90.41523519008867
P0788,141,119.93828606853451,2025-12-14,Alta,3.4982296687149583,Carlos,85.0626142330032
P0789,293,308.0561174404679,2025-06-12,Baixa,4.311219817877845,Ana,105.13860663497199
P0790,426,452.8011633626485,2025-03-16,Baixa,6.547905307058696,Maria,106.29135290203016
P0791,472,454.146072877056,2025-07-18,Alta,4.745258335076387,Ana,96.21738832141017
P0792,262,228.79611122091114,2025-12-27,Alta,5.527397047281067,Carlos,87.32676000798135
P0793,375,310.81238239110195,2025-10-14,Baixa,7.283515699863841,João,82.88330197096052
P0794,463,491.0407848645781,2025-07-01,Média,5.205257633296187,Carlos,106.05632502474688
P0795,229,189.79882183580239,2025-04-07,Alta,2.718728107004762,Ana,82.88158158768664
P0796,362,291.03135209959044,2025-02-20,Média,5.685165435833463,Ana,80.39540113248354
P0797,276,259.6661194036393,2025-11-10,Baixa,4.205064071953832,Maria,94.08192732015917
P0798,364,371.05479560014334,2025-02-03,Baixa,3.616608056127604,Ana,101.93813065938005
P0799,126,118.09489876923215,2025-01-21,Alta,3.952977049958672,Ana,93.72611013431123
P0800,485,395.480243316541,2025-07-03,Média,4.951019957410051,João,81.54231820959609
P0801,184,185.28960706088463,2025-10-20,Baixa,8.97951828584459,João,100.70087340265471
P0802,295,292.8464369193698,2025-03-05,Média,7.606513938971802,João,99.26997861673553
P0803,415,416.8504515250071,2025-05-04,Baixa,7.010937446512257,Maria,100.44589193373665
P0804,342,295.2693756124125,2025-04-11,Alta,5.241341897935601,Maria,86.33607474047149
P0805,467,485.07734712124244,2025-04-29,Média,1.0164695243471509,Carlos,103.87095227435599
P0806,441,416.19395441427804,2025-12-07,Média,4.064956402951822,Maria,94.375046352444
P0807,276,265.21001271688846,2025-03-19,Alta,8.318728359815262,João,96.09058431771321
P0808,229,220.6985216632469,2025-06-30,Alta,4.4935381856596575,Maria,96.37490028962748
P0809,244,216.19423119361193,2025-07-18,Alta,6.074372125608765,Ana,88.60419311213603
P0810,182,159.2573220968025,2025-12-26,Alta,2.842658347123871,Maria,87.50402313011128
P0811,459,367.85629616730756,2025-07-09,Baixa,9.242719676612117,Ana,80.14298391444609
P0812,187,171.84984018930797,2025-11-24,Média,9.308533921633598,Carlos,91.89831026166202
P0813,119,112.51817652662464,2025-04-13,Baixa,2.3146334556251844,Ana,94.55308951817197
P0814,329,336.51472969617805,2025-11-29,Alta,7.51743054285699,João,102.28411236965897
P0815,225,184.49731986374027,2025-10-02,Baixa,1.677146569767217,Carlos,81.998808828329
P0816,453,487.9701611449849,2025-05-10,Baixa,6.386928561820881,Carlos,107.71968237196134
P0817,150,131.87813107111688,2025-08-29,Média,2.6078828574339674,Carlos,87.91875404741126
P0818,187,170.17303071619472,2025-05-14,Média,2.3113472724028346,João,91.00162070384744
P0819,269,219.10285097353764,2025-06-06,Média,1.0370783565340287,Ana,81.45087396785786
P0820,162,161.3424295657608,2025-11-14,Alta,9.46771423180663,Carlos,99.59409232454371
P0821,188,190.38324577278848,2025-06-07,Alta,8.46327242368412,João,101.267683921696
P0822,288,310.64756117383575,2025-12-25,Média,1.6972800153216316,Carlos,107.86373651869296
P0823,289,260.40307458743035,2025-07-09,Baixa,6.39438049060321,Carlos,90.10487009945687
P0824,486,426.32436081624644,2025-04-10,Média,3.096084113193096,João,87.72106189634701
P0825,188,191.35127880139711,2025-02-21,Alta,3.3761429392564604,Maria,101.78259510712613
P0826,447,452.3819991401967,2025-02-18,Baixa,8.867532895083933,Carlos,101.20402665328785
P0827,431,465.9701406804429,2025-04-10,Alta,2.02893171041082,Maria,108.11372173560162
P0828,125,107.69944840874815,2025-09-08,Média,6.413411220967392,Carlos,86.15955872699853
P0829,275,278.1866413722992,2025-02-23,Média,4.6112998148110815,Maria,101.15877868083606
P0830,463,379.68804537160133,2025-05-17,Baixa,2.717205396672606,Ana,82.00605731568064
P0831,363,342.7120868258611,2025-06-11,Média,5.067262677363963,Maria,94.41104320271656
P0832,488,407.8788097916997,2025-12-20,Alta,9.464403583955152,Maria,83.58172331797125
P0833,494,491.99623543560074,2025-10-19,Alta,8.03449044307497,Maria,99.59437964283416
P0834,141,138.2420440195583,2025-03-22,Alta,2.1890026122730024,Maria,98.04400285075057
P0835,218,177.59367385938424,2025-08-08,Baixa,8.644867657458825,Ana,81.46498800889185
P0836,268,240.0972729358144,2025-03-26,Alta,9.436964760886989,João,89.58853467754268
P0837,207,190.13158856438633,2025-03-24,Média,3.4926785275798653,Maria,91.85100896830257
P0838,246,215.1068478900568,2025-11-15,Baixa,4.000777259638129,João,87.44180808538894
P0839,275,223.19027863155185,2025-03-08,Alta,2.136789339598495,Carlos,81.16010132056431
P0840,475,425.4321201951134,2025-08-22,Alta,4.104460939795679,João,89.56465688318177
P0841,288,298.88279148535156,2025-07-17,Média,7.05826717425651,Maria,103.77874704352486
P0842,259,235.18047618357062,2025-09-16,Média,3.4493951358664097,João,90.80327265774928
P0843,401,359.7013815546927,2025-06-26,Baixa,1.0614250969022798,Ana,89.7010926570306
P0844,447,483.88909579394357,2025-10-25,Alta,4.046901828701243,Ana,108.25259413734756
P0845,173,140.56063430128262,2025-10-07,Alta,5.078566260718594,Maria,81.24892156143504
P0846,451,464.61409287036037,2025-10-27,Média,6.097204336786383,João,103.0186458692595
P0847,117,110.55658530083369,2025-05-09,Baixa,7.154425939222177,Carlos,94.4928079494305
P0848,239,258.9179617885058,2025-06-29,Média,1.556059098058931,Ana,108.33387522531623
P0849,214,196.46082177528976,2025-10-19,Média,5.22776750769497,Maria,91.80412232490175
P0850,427,432.30022337040737,2025-07-26,Baixa,3.3972621641561656,Ana,101.24127011016566
P0851,324,265.9977174187581,2025-10-21,Alta,9.531726089900475,Maria,82.09806093171547
P0852,145,156.40160051289885,2025-12-04,Alta,4.239086588145304,João,107.86317276751645
P0853,137,123.76070360542217,2025-06-24,Alta,1.901113288478833,João,90.33628000395778
P0854,305,291.94641868426226,2025-01-29,Baixa,1.37342341694414,João,95.72013727352861
P0855,485,408.1490740750117,2025-06-28,Baixa,3.388652988354158,João,84.15444826288902
P0856,108,117.03607502753582,2025-02-10,Baixa,2.609908649943784,João,108.36673613660723
P0857,352,352.66567465499674,2025-07-11,Baixa,6.848196641908684,Maria,100.18911211789681
P0858,207,168.95013831152258,2025-12-10,Baixa,8.622698875368698,Ana,81.61842430508337
P0859,488,413.1222724718471,2025-08-25,Média,3.8130283312323625,Carlos,84.6562033753785
P0860,197,181.23018926068062,2025-10-31,Alta,6.200123094644414,Ana,91.9950199292795
P0861,374,323.5217075895153,2025-08-13,Baixa,7.572747492829478,João,86.50313037152816
P0862,170,151.53590404533287,2025-04-24,Alta,4.586389202254015,Ana,89.13876708548992
P0863,138,151.69613406027372,2025-10-05,Baixa,1.5969305020426083,Ana,109.9247348262853
P0864,397,396.0450598305415,2025-12-21,Alta,3.0626641983500678,Maria,99.75946091449408
P0865,189,203.4897380512294,2025-01-17,Média,8.94759227279815,Carlos,107.66652806943355
P0866,318,295.975164961103,2025-03-27,Alta,8.420322396294054,Carlos,93.07395124562989
P0867,206,208.6954451815171,2025-11-13,Alta,1.7787927594152535,João,101.30846853471705
P0868,491,460.5123800353578,2025-12-11,Baixa,3.0155385103051677,Maria,93.79070876483866
P0869,195,175.20113575701893,2025-06-30,Alta,7.922487539109881,Maria,89.84673628565073
P0870,131,125.20350465749152,2025-12-03,Média,5.37308408789938,Maria,95.57519439503169
P0871,225,208.84349532065536,2025-12-17,Média,7.839703285261519,Maria,92.8193312536246
P0872,246,269.1638998726352,2025-05-25,Média,2.8998322449593186,Maria,109.41621946042082
P0873,379,359.6141202731048,2025-11-11,Baixa,9.574283252532473,Carlos,94.88499215649203
P0874,123,128.33007460396556,2025-08-13,Baixa,8.052467039199094,Carlos,104.33339398696387
P0875,308,308.01411887053644,2025-02-23,Baixa,2.7770709234340725,Ana,100.00458404887547
P0876,219,206.71150948518468,2025-10-31,Baixa,6.0260428061199,Carlos,94.38881711652269
P0877,373,351.457393108983,2025-03-09,Baixa,2.0178741528663204,Maria,94.22450217399009
P0878,239,215.71352139334812,2025-04-17,Média,4.252913336138523,Ana,90.25670351186113
P0879,396,329.50943874668826,2025-11-30,Alta,6.936592316279687,Carlos,83.20945422896168
P0880,442,454.57083301708826,2025-03-18,Média,3.971149191358945,Ana,102.84407986811952
P0881,181,194.65254727078928,2025-01-27,Baixa,6.910825561821711,Carlos,107.54284379601617
P0882,499,431.8278417426196,2025-12-10,Média,3.2030151819468573,João,86.53864563980353
P0883,307,330.8545287908791,2025-06-04,Alta,7.490861024797603,Carlos,107.77020481787594
P0884,132,114.79924703510783,2025-03-13,Baixa,4.236306165279362,Ana,86.96912654174835
P0885,123,117.95991886320131,2025-06-29,Média,8.114331438202935,João,95.90237305951325
P0886,160,144.49385581410263,2025-02-16,Média,2.230209232460322,Maria,90.30865988381414
P0887,410,342.0845806672078,2025-08-30,Alta,4.257801544170567,Ana,83.43526357736775
P0888,288,234.9652355961593,2025-12-25,Baixa,5.175392083972158,Maria,81.58515124866642
P0889,183,166.4575246147181,2025-10-04,Baixa,4.814609720505191,Maria,90.96039596432682
P0890,324,263.80182363420556,2025-11-09,Alta,4.89785054068306,Ana,81.4203159364832
P0891,267,221.9469356467819,2025-04-15,Alta,5.0032300001056536,Maria,83.12619312613553
P0892,285,240.16644298722764,2025-04-05,Alta,9.89923172709386,Ana,84.26892736393953
P0893,474,379.4724134186537,2025-08-07,Alta,2.7384139294268928,Ana,80.05747118536998
P0894,171,144.66183867277942,2025-06-19,Baixa,7.917974474577439,Carlos,84.5975664753096
P0895,173,168.36076351163766,2025-10-10,Baixa,5.9660990299599215,João,97.31836041135125
P0896,484,506.19475732833007,2025-05-08,Média,4.722655762988687,Maria,104.58569366287811
P0897,440,377.5327546418652,2025-07-19,Média,6.70175845457738,Maria,85.8028987822421
P0898,252,207.71396885087103,2025-11-28,Média,8.681782987898234,João,82.426178115425
P0899,195,198.67658060849854,2025-02-04,Baixa,5.199745275577774,João,101.88542595307617
P0900,152,121.97221964244906,2025-12-20,Baixa,8.783212320649609,João,80.24488134371649
P0901,273,278.52787615677966,2025-05-24,Baixa,1.844185014631449,João,102.02486306109144
P0902,209,175.42105068885348,2025-10-19,Média,6.87775799793789,João,83.93351707600645
P0903,415,360.42149023386577,2025-03-07,Alta,3.9986205518877687,Carlos,86.84855186358212
P0904,150,125.40314598996133,2025-08-07,Alta,4.480437945449477,Ana,83.60209732664089
P0905,476,416.11988882693913,2025-02-25,Alta,6.139177758138733,João,87.42014471154184
P0906,352,365.88737910156556,2025-05-25,Alta,5.319251184678151,Carlos,103.94527815385386
P0907,172,144.43927582445392,2025-08-01,Alta,4.43601494658869,João,83.97632315375228
P0908,311,341.5556534929867,2025-04-04,Baixa,3.7749107963775823,João,109.82496896880602
P0909,311,279.318222509924,2025-04-16,Média,6.56483772008379,Maria,89.81293328293376
P0910,350,376.8066531783745,2025-03-25,Alta,5.550216866466627,Maria,107.65904376524986
P0911,267,228.8216496948273,2025-05-16,Alta,3.909782129597924,Maria,85.7009923950664
P0912,362,310.00567066596204,2025-05-26,Alta,2.8446491698980294,Maria,85.63692559833206
P0913,430,416.9283031125566,2025-09-06,Baixa,7.97021376367377,Ana,96.96007049129223
P0914,329,268.1942283800917,2025-01-18,Alta,8.19743432075099,Ana,81.51800254714033
P0915,338,351.6216938202491,2025-05-05,Média,2.924093142821824,Maria,104.03008692906779
P0916,374,348.52483112495565,2025-01-02,Baixa,3.354841119201403,Maria,93.18845752004162
P0917,242,244.36166396541725,2025-11-28,Baixa,3.152287202513382,João,100.97589420058564
P0918,169,144.0538527172482,2025-07-19,Baixa,8.961127710188872,João,85.23896610488059
P0919,411,408.0026613519373,2025-05-18,Alta,7.967173429556654,Maria,99.27072052358572
P0920,493,482.26304977861554,2025-07-22,Alta,1.671161709249826,Maria,97.82211963055082
P0921,273,280.2886565320796,2025-10-09,Alta,8.493993548443772,Maria,102.66983755753832
P0922,435,386.8108686909517,2025-10-30,Alta,1.3316663865321248,João,88.92203877952912
P0923,208,224.62953187822217,2025-01-30,Média,3.2787981188471145,Maria,107.99496724914528
P0924,302,328.6938768872533,2025-02-25,Baixa,9.270922456869537,Maria,108.83903208187195
P0925,284,301.16413167605947,2025-04-29,Alta,8.778981652895885,Ana,106.04370833664065
P0926,390,378.9279506407834,2025-05-12,Média,8.032910632521533,Ana,97.16101298481627
P0927,427,395.438927471719,2025-08-19,Baixa,5.117925061983247,João,92.60864811984052
P0928,191,156.12296558405842,2025-06-01,Baixa,3.89272690918007,Ana,81.73977255709865
P0929,358,388.1322658769103,2025-01-21,Baixa,8.93391253786411,João,108.4168340438297
P0930,421,457.0099837091038,2025-03-09,Alta,6.9136668124229095,Carlos,108.55344031095102
P0931,305,245.7099936306411,2025-05-06,Baixa,3.659579695430141,Maria,80.56065364939052
P0932,151,136.96700586282464,2025-02-12,Alta,5.168762901689035,João,90.70662639922162
P0933,448,476.6768878939104,2025-07-01,Média,8.933502000354572,Ana,106.40109104774787
P0934,280,230.79157077532795,2025-04-10,Baixa,9.131098924703991,Carlos,82.42556099118855
P0935,402,345.30590503125103,2025-12-15,Média,6.933718845745565,Ana,85.89699130130623
P0936,102,111.54752589467948,2025-08-28,Alta,7.593002746453305,João,109.36031950458774
P0937,498,524.9849485307801,2025-07-19,Alta,1.353680499059232,Carlos,105.41866436361047
P0938,183,196.47228582519864,2025-04-26,Alta,6.441404568734693,Ana,107.36190482251291
P0939,313,263.7482999117343,2025-04-25,Baixa,7.200933115338793,Carlos,84.26463255965953
P0940,133,114.83150676277711,2025-05-22,Baixa,1.1833943237220848,Maria,86.33947876900535
P0941,149,146.2621213205232,2025-04-29,Média,8.5947308916063,Maria,98.16249753055247
P0942,388,368.80232892471423,2025-04-03,Alta,9.35456510485667,Carlos,95.052146630081
P0943,428,380.72783534624114,2025-01-09,Média,3.1414280717690923,Ana,88.95510171641148
P0944,358,381.32509259178033,2025-03-14,Alta,8.612163394272681,Ana,106.51538899211741
P0945,357,382.13872072385993,2025-01-26,Alta,6.989613244382478,Ana,107.04165846606722
P0946,487,432.2150338824199,2025-08-27,Média,6.2262623777517865,Maria,88.75052030439834
P0947,371,314.13532454788293,2025-12-28,Alta,8.588133763202336,João,84.6725942177582
P0948,281,237.36849107093744,2025-05-25,Média,3.5704948217068333,João,84.4727726231094
P0949,132,124.78323773752079,2025-03-09,Baixa,8.117705599181686,Carlos,94.53275586175818
P0950,364,305.71469969782777,2025-07-07,Média,3.830686909013829,Ana,83.9875548620406
P0951,412,388.1048514509699,2025-05-11,Média,8.087108886172665,Carlos,94.20020666285677
P0952,139,130.46265083825605,2025-08-09,Alta,5.0594860518081175,João,93.85802218579572
P0953,407,433.5498570324107,2025-10-08,Média,2.052509243437724,João,106.52330639616972
P0954,309,274.6587077694635,2025-10-04,Baixa,4.433678742753914,Ana,88.88631319400113
P0955,371,359.2006186467408,2025-05-20,Baixa,3.101439504787756,Carlos,96.81957375922933
P0956,235,240.4167404320288,2025-02-23,Baixa,1.904783957075972,Ana,102.30499592852289
P0957,186,182.0520455637848,2025-01-01,Baixa,1.9925836158129848,João,97.87744385149719
P0958,159,172.70903620555254,2025-05-08,Média,8.020642586536448,João,108.62203534940411
P0959,263,257.9196932114319,2025-01-01,Baixa,8.932580672702208,Ana,98.06832441499311
P0960,102,109.19698266118543,2025-06-22,Média,9.344162074892536,Carlos,107.05586535410336
P0961,114,99.58092851247802,2025-09-23,Média,8.685515550974092,Maria,87.3516916776123
P0962,201,194.61339219860005,2025-10-23,Alta,8.472016875568976,Ana,96.82258318338312
P0963,354,340.8990894013787,2025-09-13,Média,1.619522663649454,João,96.29917779699963
P0964,324,355.3747451056161,2025-06-23,Média,8.111112352495393,Maria,109.68356330420251
P0965,309,266.15773525209875,2025-02-14,Alta,8.049543936908059,Ana,86.1351894019737
P0966,122,102.76035838019479,2025-12-09,Baixa,2.1816135469415188,Maria,84.22980195097934
P0967,334,328.4895421785681,2025-05-21,Baixa,6.958083087411692,Ana,98.3501623289126
P0968,230,199.4347578899124,2025-01-27,Média,5.072566028133534,João,86.71076429996191
P0969,257,254.87887714963736,2025-08-21,Alta,9.100121711248637,Ana,99.1746603695087
P0970,272,296.95510962319537,2025-07-28,Média,7.258675261561007,Maria,109.17467265558653
P0971,116,125.73840863983153,2025-02-19,Média,9.55888782736827,Carlos,108.39517986192374
P0972,469,407.7161955674105,2025-03-02,Baixa,1.944303807471793,João,86.93309073931994
P0973,413,351.5740575434853,2025-08-31,Alta,1.3654658300715383,João,85.12689044636448
P0974,465,450.22313055917516,2025-09-26,Média,9.762214219844914,Maria,96.82217861487638
P0975,284,277.19342495661243,2025-05-20,Baixa,1.7217294530041394,Ana,97.60331864669452
P0976,490,489.35076049295566,2025-06-06,Média,4.475762388192066,Ana,99.86750214141952
P0977,433,442.7196712856865,2025-03-26,Baixa,6.849735600254993,Ana,102.24472777960428
P0978,283,277.42127567605314,2025-03-25,Alta,8.920510060006754,João,98.02871932016012
P0979,242,201.71326807004752,2025-10-03,Média,3.2911958639253345,João,83.35259011158989
P0980,143,148.29777693742932,2025-01-31,Alta,1.26152390696521,Maria,103.70473911708345
P0981,111,91.44792224467005,2025-01-08,Baixa,5.691581114492705,Ana,82.38551553573879
P0982,107,86.24176522757188,2025-10-07,Alta,5.240008182450172,Ana,80.59978058651576
P0983,179,184.5306451580578,2025-07-22,Alta,3.762038639701716,Maria,103.08974589835631
P0984,396,381.9448620229583,2025-02-02,Alta,8.865094307513044,João,96.45072273307028
P0985,261,263.4997080753248,2025-10-25,Média,7.743899544249112,João,100.95774255759571
P0986,401,366.84450310217414,2025-05-23,Baixa,8.72304744879322,Carlos,91.48241972622797
P0987,315,253.04824063806453,2025-12-16,Alta,2.456280635294793,Carlos,80.33277480573477
P0988,347,312.0586978445397,2025-02-06,Média,7.231707630463069,Ana,89.93046047393075
P0989,128,125.75239294424868,2025-05-27,Baixa,9.775915618769716,João,98.24405698769428
P0990,371,321.92075174332325,2025-08-16,Baixa,6.50722502627823,Ana,86.7710921141033
P0991,232,233.47118162085206,2025-02-03,Baixa,2.542279287659375,João,100.63413000898795
P0992,104,107.9853115086287,2025-08-25,Alta,9.96202355021321,Carlos,103.83203029675836
P0993,343,321.14407413181607,2025-07-31,Alta,5.754912234025404,Maria,93.62800995096678
P0994,129,137.0904142352768,2025-11-05,Alta,8.560531164486225,João,106.27163894207503
P0995,216,228.19211338407885,2025-05-20,Baixa,2.344253026873882,Carlos,105.64449693707354
P0996,277,294.5666158770014,2025-07-09,Baixa,6.9948659598212926,Carlos,106.34173858375502
P0997,360,359.3919995269382,2025-04-06,Alta,9.213559283834774,João,99.83111097970506
P0998,334,297.73985776729273,2025-07-13,Alta,5.788160372007454,Ana,89.14366999020741
P0999,240,226.65009233075318,2025-12-27,Baixa,3.59794054526324,João,94.43753847114716
P1000,404,409.3138907231683,2025-10-31,Baixa,2.1467964516182785,Carlos,101.31531948593275
