ID_Produto,Tipo_Produto,Material_Utilizado,Linha_Producao,Tamanho,Cor_Principal,Tempo_Producao,Custo_Producao,Quantidade_Produzida,Eficiencia_Producao
P0001,Calça,Algodão,Linha 3,P,Branco,1.225180933058389,22.21595581283493,73,59.58303629307379
P0002,Saia,Poliéster,Linha 3,G,Azul,1.8155560688123251,21.297391678673662,237,130.5385187883717
P0003,Blusa,Seda,Linha 3,P,Branco,1.8295705429402125,24.401082869226045,144,78.7069952321077
P0004,Vestido,Linho,Linha 2,M,Branco,1.6179917542434474,38.69689265749432,104,64.27721261696361
P0005,Camisa,Seda,Linha 2,P,Preto,1.9421249294630745,25.99804256459418,254,130.78458349753103
P0006,Camisa,Linho,Linha 2,P,Vermelho,1.5187438524793442,27.122202051771588,257,169.21879195128815
P0007,Camisa,Linho,Linha 3,M,Preto,1.4470639664650649,21.75890283418662,73,50.44697517990637
P0008,Saia,Seda,Linha 2,P,Vermelho,1.5411185129759828,32.18951897133635,254,164.81535836560184
P0009,Blusa,Algodão,Linha 1,G,Branco,0.8731876831087656,19.954966488366065,201,230.19106188533252
P0010,Blusa,Poliéster,Linha 1,P,Vermelho,1.9130873292328927,17.489009699981267,231,120.7472322199876
P0011,Camisa,Algodão,Linha 2,M,Branco,0.9474086813511842,17.693714977183767,75,79.16330246524214
P0012,Saia,Viscose,Linha 1,M,Azul,2.551010593437999,18.52623378246041,243,95.25636648670624
P0013,Blusa,Viscose,Linha 1,P,Azul,1.0896826973106188,19.864633189349014,129,118.383085570118
P0014,Camisa,Algodão,Linha 3,P,Verde,0.7088811061770559,20.00495625867145,215,303.2948658477856
P0015,Camisa,Linho,Linha 2,M,Preto,0.5160729465430385,29.117851123817715,287,556.1229316950163
P0016,Camisa,Viscose,Linha 2,M,Branco,1.3163860055228762,15.455624811550864,114,86.60073832577591
P0017,Calça,Algodão,Linha 3,M,Branco,2.9515576370978653,25.400907773021174,290,98.2532058175032
P0018,Vestido,Linho,Linha 1,M,Vermelho,2.422840484523011,33.493187192277226,124,51.17959716791347
P0019,Calça,Viscose,Linha 1,M,Preto,1.7143846679860897,18.634410103550163,228,132.99232328520216
P0020,Calça,Algodão,Linha 2,P,Vermelho,1.6881832356988842,25.7609223855098,212,125.57878523905312
P0021,Blusa,Linho,Linha 1,M,Branco,1.2808157559572877,25.93684619908733,92,71.82922256545694
P0022,Camisa,Algodão,Linha 3,GG,Preto,1.1609973251364405,22.03861966689865,78,67.1836173186992
P0023,Calça,Viscose,Linha 3,M,Branco,2.759829253454029,19.953756660495017,214,77.5410289358195
P0024,Calça,Viscose,Linha 2,M,Verde,2.0110415834469806,21.15047511114212,130,64.64311880472229
P0025,Vestido,Viscose,Linha 3,M,Azul,2.769394595471422,25.97909410436852,235,84.85609106924575
P0026,Blusa,Poliéster,Linha 3,G,Verde,0.7075573920808349,17.904536783799085,103,145.571230196734
P0027,Camisa,Seda,Linha 2,G,Branco,1.974109311365579,27.506987480872656,88,44.57706546104405
P0028,Vestido,Seda,Linha 3,M,Azul,2.1249322271720743,41.30671029024181,91,42.82489523023782
P0029,Vestido,Poliéster,Linha 3,GG,Azul,1.6834101686490066,21.190933879457468,205,121.77661975543334
P0030,Camisa,Seda,Linha 3,P,Preto,1.4947193734628132,30.77512897548386,78,52.18370845043479
P0031,Blusa,Algodão,Linha 1,P,Vermelho,1.393049555235309,18.01858195410996,220,157.9269015759015
P0032,Camisa,Linho,Linha 2,G,Verde,1.1227184809891186,29.152899403792738,180,160.32514209743783
P0033,Camisa,Algodão,Linha 2,G,Vermelho,1.133288350821017,18.125484518930108,293,258.5396733212113
P0034,Saia,Algodão,Linha 2,P,Azul,2.5701278420928624,27.799831022977862,187,72.7590265890141
P0035,Saia,Algodão,Linha 1,P,Branco,1.391425280199298,20.19336061100721,236,169.61025745212635
P0036,Blusa,Linho,Linha 1,P,Branco,1.7303799784173346,26.565627023996523,283,163.54789325454493
P0037,Calça,Poliéster,Linha 2,P,Verde,2.297494227790036,20.93029573275536,191,83.1340499966014
P0038,Camisa,Linho,Linha 1,G,Branco,1.1284546606692865,21.68749438398229,253,224.2004121370244
P0039,Blusa,Algodão,Linha 2,M,Azul,1.187042924875803,23.74661568079404,224,188.7042122115647
P0040,Calça,Poliéster,Linha 1,M,Azul,1.5132944143721916,17.660760194991685,91,60.13370507136408
P0041,Camisa,Poliéster,Linha 3,M,Azul,1.6281714990454623,17.674290650646146,143,87.82858567653082
P0042,Vestido,Seda,Linha 3,P,Verde,2.782186855763169,48.18276078534085,209,75.12076321080531
P0043,Camisa,Poliéster,Linha 2,P,Preto,0.9812818141247656,13.80952121924131,81,82.54509442045078
P0044,Saia,Linho,Linha 1,M,Preto,2.1921002315219003,26.259630299005277,219,99.90419089913412
P0045,Calça,Seda,Linha 1,GG,Branco,2.9914689041026463,33.17378466564143,209,69.86534264600485
P0046,Blusa,Linho,Linha 3,G,Preto,1.1528934194848308,20.93017409262675,75,65.0537150550427
P0047,Calça,Algodão,Linha 3,P,Branco,2.841382801557239,20.581132476895966,164,57.71837568317746
P0048,Vestido,Algodão,Linha 1,G,Preto,2.3625420998114155,25.25592528415777,178,75.34257273731056
P0049,Vestido,Seda,Linha 1,G,Vermelho,1.6368317673124646,43.61298378734804,105,64.14831511512077
P0050,Camisa,Algodão,Linha 1,G,Verde,0.8063631595526433,22.36462701006069,171,212.06325955524545
P0051,Saia,Seda,Linha 1,M,Branco,1.8373902866553684,30.835923180715294,155,84.35877838570107
P0052,Blusa,Poliéster,Linha 1,M,Preto,0.8294523928918536,12.781922599034017,179,215.80503177032676
P0053,Saia,Viscose,Linha 1,M,Verde,1.000454076436511,22.839226123829736,130,129.9409968551913
P0054,Saia,Seda,Linha 2,P,Branco,2.8300030754950543,31.639434940340152,207,73.14479683517283
P0055,Vestido,Viscose,Linha 1,P,Branco,3.6096985280773226,22.65418841157711,169,46.81831424022452
P0056,Saia,Poliéster,Linha 3,P,Branco,2.4845844629738942,15.601309763080158,280,112.69490096740655
P0057,Camisa,Seda,Linha 2,M,Azul,0.751721893469043,35.084776750521314,248,329.9092419079757
P0058,Camisa,Poliéster,Linha 1,G,Branco,0.680545364314979,16.928827516657144,101,148.41038569363295
P0059,Camisa,Poliéster,Linha 3,M,Verde,0.6014071242085748,14.124387374130563,140,232.7873986930797
P0060,Calça,Linho,Linha 2,P,Preto,2.448058377545842,31.86984920792871,186,75.97858029287006
P0061,Calça,Seda,Linha 3,GG,Preto,2.8576159213757704,36.53676970081975,71,24.84588620496549
P0062,Calça,Viscose,Linha 1,GG,Branco,1.861071641826074,23.13035363648935,83,44.59796073114135
P0063,Blusa,Seda,Linha 1,G,Preto,0.6787110079940722,32.19205382955311,159,234.26760156715872
P0064,Calça,Poliéster,Linha 1,GG,Azul,2.024785641464213,18.926884908431948,98,48.40018518164314
P0065,Calça,Poliéster,Linha 1,M,Vermelho,1.6976638149172605,16.31592985346862,178,104.84996996220671
P0066,Vestido,Linho,Linha 2,GG,Vermelho,2.4370623108749943,30.58509631144227,122,50.06027111231208
P0067,Camisa,Algodão,Linha 2,P,Azul,1.431995936233561,19.64453425592087,133,92.87735854182444
P0068,Blusa,Algodão,Linha 3,M,Verde,1.5780771698933036,23.12779107752563,102,64.63562235482843
P0069,Camisa,Poliéster,Linha 1,P,Vermelho,0.6659053983097413,15.416983551111455,260,390.4458511073112
P0070,Saia,Algodão,Linha 3,P,Vermelho,1.0711804616129528,27.19095400033832,149,139.09887767710035
P0071,Blusa,Algodão,Linha 2,P,Branco,1.9914954540285723,23.932994743689825,173,86.8693923704623
P0072,Camisa,Algodão,Linha 1,M,Branco,0.8490925233733277,17.30892963310621,217,255.56696593898727
P0073,Camisa,Algodão,Linha 1,G,Branco,0.5807457873626887,21.534221113135857,94,161.86083833147964
P0074,Blusa,Algodão,Linha 2,M,Azul,0.7848129936438799,21.3943485896002,245,312.17627891514275
P0075,Blusa,Viscose,Linha 2,P,Preto,0.5584367695226964,21.455679220979604,186,333.0726237081
P0076,Blusa,Poliéster,Linha 2,G,Preto,1.0877163419257574,17.913604403716803,154,141.58102996535777
P0077,Blusa,Poliéster,Linha 2,M,Vermelho,1.7036026766769865,16.120071670344778,199,116.8112745562043
P0078,Camisa,Linho,Linha 2,M,Vermelho,1.011866674636581,22.43614791982194,195,192.71313591786745
P0079,Calça,Algodão,Linha 1,M,Verde,1.888366813756733,26.86613604605375,253,133.97820707126263
P0080,Camisa,Viscose,Linha 2,P,Preto,1.5133801603511583,15.170609766319474,155,102.41973831878067
P0081,Saia,Seda,Linha 1,M,Azul,2.0177881401397606,40.04206998007145,92,45.59447950448737
P0082,Blusa,Algodão,Linha 1,GG,Branco,1.7921685290319864,23.28156899315757,216,120.52437954407628
P0083,Calça,Poliéster,Linha 2,P,Branco,2.732071350091513,17.156400442332732,250,91.50566290723924
P0084,Camisa,Seda,Linha 2,M,Branco,0.5148660432367305,31.56762353979697,183,355.43225738788595
P0085,Calça,Viscose,Linha 1,G,Preto,2.556092612966398,20.99643320531658,260,101.7177541537764
P0086,Calça,Poliéster,Linha 2,G,Preto,1.921467200483348,17.551908395914523,97,50.48225646297762
P0087,Blusa,Linho,Linha 2,P,Vermelho,1.9832608119554944,23.1037088910812,175,88.23852059450014
P0088,Blusa,Algodão,Linha 2,P,Branco,1.2248481138131528,22.0970369636026,288,235.13119443308676
P0089,Saia,Viscose,Linha 3,P,Azul,2.973791890776595,25.368565514398604,56,18.83117651026205
P0090,Vestido,Algodão,Linha 1,M,Preto,3.3864234030143416,35.28901031081353,257,75.89127802838763
P0091,Camisa,Viscose,Linha 3,M,Branco,0.8729073269199594,15.658425251099525,246,281.8168577734447
P0092,Blusa,Linho,Linha 2,P,Preto,1.3075924689304366,28.747436496565665,65,49.70967755203397
P0093,Blusa,Linho,Linha 3,GG,Branco,1.988203459217874,27.374314414271225,178,89.52806070965303
P0094,Vestido,Poliéster,Linha 2,M,Azul,3.643826519379809,20.275536606212604,164,45.00763116129725
P0095,Blusa,Algodão,Linha 3,P,Preto,0.6460503406868316,16.538276903372115,86,133.11656164219545
P0096,Vestido,Algodão,Linha 2,M,Branco,3.26592999202499,27.215967202612536,280,85.73361972967163
P0097,Vestido,Algodão,Linha 3,M,Branco,2.3639489646770326,34.94649884137831,260,109.98545395226913
P0098,Calça,Algodão,Linha 3,P,Preto,1.0139645237606962,25.27851527899941,295,290.93720055004843
P0099,Camisa,Seda,Linha 3,P,Verde,1.1052214535404994,32.65265593077446,214,193.6263536275613
P0100,Camisa,Poliéster,Linha 1,G,Preto,0.8521316325874569,13.542914106654576,174,204.19380450841533
P0101,Camisa,Algodão,Linha 3,M,Azul,1.7283039057807073,21.75510524459856,130,75.21825274200059
P0102,Blusa,Viscose,Linha 1,M,Azul,1.0059959132686482,14.602474845201051,241,239.56359744738012
P0103,Calça,Seda,Linha 2,M,Verde,2.655047387907634,34.2046273791314,267,100.56317684424268
P0104,Vestido,Viscose,Linha 3,P,Vermelho,1.5014948470869882,28.36893616425717,263,175.15877627568258
P0105,Saia,Viscose,Linha 2,P,Azul,1.6156383000522383,18.542274326277006,111,68.70349631870639
P0106,Camisa,Algodão,Linha 2,M,Azul,0.861747821461643,22.58402859557548,121,140.41230739030746
P0107,Calça,Poliéster,Linha 3,P,Vermelho,1.467134722137222,16.092225351445812,238,162.22095790446414
P0108,Blusa,Seda,Linha 1,P,Preto,0.602279929648194,31.827373353821358,174,288.9022054937768
P0109,Camisa,Linho,Linha 3,G,Preto,0.7806864056157525,24.051971425753297,210,268.9940525278729
P0110,Camisa,Algodão,Linha 2,GG,Branco,1.33332435482843,20.768348763821177,115,86.25058080094698
P0111,Calça,Seda,Linha 2,G,Vermelho,1.582722145675489,30.347287957856278,79,49.91400430950793
P0112,Camisa,Algodão,Linha 3,G,Vermelho,1.126092173493722,16.135302399372858,288,255.75171089811823
P0113,Saia,Algodão,Linha 1,P,Branco,1.753733760694377,27.93181850285089,69,39.344626616915896
P0114,Blusa,Poliéster,Linha 1,GG,Azul,1.8138573874998416,13.617780052603097,237,130.66076838966518
P0115,Blusa,Linho,Linha 2,P,Preto,1.8579484985157733,28.19677002780459,131,70.50787473638245
P0116,Saia,Linho,Linha 2,GG,Branco,1.98591394331172,35.9922036056664,156,78.55325278589545
P0117,Blusa,Algodão,Linha 1,GG,Verde,0.9952339254734066,17.69145006399129,298,299.4270918349666
P0118,Camisa,Seda,Linha 3,G,Branco,0.6602010560035454,27.182048894200268,251,380.1872137548536
P0119,Saia,Algodão,Linha 2,GG,Branco,2.90680575876419,25.56345396129279,201,69.14806721913675
P0120,Vestido,Algodão,Linha 1,M,Azul,1.6505673622507435,35.585383615207455,297,179.93812721160643
P0121,Blusa,Seda,Linha 2,P,Azul,0.9464754163524208,34.98977217828893,181,191.23581751076836
P0122,Saia,Viscose,Linha 3,M,Branco,1.5961324023400083,21.62484449336665,86,53.88024193601971
P0123,Calça,Seda,Linha 1,M,Azul,1.6408025722804298,40.24958806838484,181,110.31186997009732
P0124,Camisa,Seda,Linha 2,P,Preto,0.7464302649086139,25.62895023719881,126,168.8034447738079
P0125,Camisa,Linho,Linha 3,M,Branco,1.6747421463855456,29.77438184204012,138,82.40074467453616
P0126,Calça,Linho,Linha 2,GG,Branco,1.2449957239319784,35.572238808431834,254,204.0167649715378
P0127,Blusa,Algodão,Linha 3,P,Azul,1.4523599887297445,17.309831663033368,195,134.264233050478
P0128,Saia,Poliéster,Linha 3,G,Branco,1.247692053411635,16.555846498582365,137,109.8027350782536
P0129,Camisa,Poliéster,Linha 1,GG,Verde,0.6058034563894348,12.6009299850406,243,401.12019407791206
P0130,Vestido,Algodão,Linha 3,GG,Vermelho,3.7735737592146914,27.26061118677816,225,59.62517612132859
P0131,Calça,Linho,Linha 2,GG,Verde,1.3802575326374114,33.79146947298248,82,59.40920303714155
P0132,Camisa,Poliéster,Linha 3,M,Branco,1.7318752318395565,14.269893642991557,107,61.7827416391579
P0133,Camisa,Algodão,Linha 3,GG,Verde,1.3169463066607037,16.70717573717407,260,197.4264240576864
P0134,Calça,Algodão,Linha 1,G,Preto,1.1557130392175392,22.48536503787749,250,216.3166733579984
P0135,Saia,Linho,Linha 3,P,Preto,2.910896382876135,35.77660001089536,77,26.452332845980425
P0136,Calça,Algodão,Linha 3,M,Branco,1.493922333983785,25.244962514488343,84,56.22782261779329
P0137,Vestido,Seda,Linha 2,G,Branco,3.649113363381516,43.49089703531084,298,81.66367287747207
P0138,Blusa,Poliéster,Linha 1,P,Azul,0.7532150086768463,12.99923108098362,280,371.7398044044142
P0139,Calça,Poliéster,Linha 1,M,Preto,2.7078857642837058,21.5004729404426,174,64.25677268037441
P0140,Saia,Linho,Linha 1,M,Branco,1.026457625810588,33.85018811115754,187,182.17995102557413
P0141,Saia,Seda,Linha 3,P,Azul,2.0235609131389616,32.85327315529324,114,56.33633228424165
P0142,Calça,Poliéster,Linha 1,M,Branco,2.5388851588431134,14.904494609192565,91,35.842503424402906
P0143,Vestido,Linho,Linha 3,G,Azul,3.8369887937319582,30.84938336066337,134,34.92321901458253
P0144,Calça,Linho,Linha 3,M,Preto,2.818404272412974,25.44453779406641,186,65.99479067662507
P0145,Calça,Algodão,Linha 2,P,Vermelho,2.63924973909529,24.775378402698447,237,89.79824701289594
P0146,Camisa,Seda,Linha 2,P,Vermelho,1.832287024491956,35.14516105446591,160,87.32256347466287
P0147,Blusa,Seda,Linha 2,M,Preto,0.7988295287556147,29.96092113607181,64,80.11721862572692
P0148,Vestido,Linho,Linha 2,GG,Preto,2.2104607392793216,42.64418223684296,276,124.86084692460292
P0149,Camisa,Seda,Linha 2,P,Preto,0.9334527873815878,29.350639438317693,234,250.6822017816127
P0150,Calça,Seda,Linha 3,M,Vermelho,1.7541078620033976,39.00360305905668,118,67.27066365532967
P0151,Saia,Linho,Linha 3,P,Preto,1.7866413407703774,32.78247284743801,154,86.19525166343522
P0152,Camisa,Seda,Linha 1,M,Branco,1.3168329869820132,26.087564470840064,299,227.05992556069228
P0153,Camisa,Linho,Linha 3,G,Branco,0.7398196450496621,23.61216058975812,199,268.9844765971869
P0154,Vestido,Linho,Linha 3,G,Preto,3.2281166594649733,39.55953234807036,113,35.00493071360332
P0155,Saia,Linho,Linha 2,P,Preto,1.335133078609013,24.84835929821239,90,67.40901071357251
P0156,Camisa,Seda,Linha 3,M,Vermelho,0.9654627231568214,28.33848225315548,264,273.4440115272251
P0157,Blusa,Algodão,Linha 2,P,Branco,1.2550176959092312,20.27839573024954,120,95.61618166113809
P0158,Blusa,Seda,Linha 1,M,Preto,1.694660842285216,35.95469391653566,105,61.95930028005463
P0159,Camisa,Seda,Linha 1,M,Vermelho,1.609203849858091,29.69440275146929,200,124.28506184448736
P0160,Blusa,Algodão,Linha 3,P,Vermelho,1.4683015346157835,22.52845405691459,285,194.10181987896453
P0161,Calça,Seda,Linha 1,P,Preto,1.3115465211603403,35.021768904959295,74,56.42194066782423
P0162,Blusa,Algodão,Linha 3,M,Preto,1.3205680184233666,22.37112578095767,268,202.9429732214526
P0163,Blusa,Poliéster,Linha 1,GG,Preto,0.6311697526998281,15.57248880972065,154,243.99141331038936
P0164,Vestido,Linho,Linha 2,GG,Verde,2.443407941991627,43.29893162253597,183,74.89539378792242
P0165,Camisa,Algodão,Linha 2,P,Branco,1.1202747954349388,19.28754041880088,168,149.96320606746775
P0166,Blusa,Seda,Linha 2,G,Verde,0.5597171591686307,31.251653037857743,211,376.9761147101625
P0167,Calça,Seda,Linha 2,M,Azul,1.5479761989399436,37.87226900091111,240,155.04114350359671
P0168,Camisa,Poliéster,Linha 3,M,Preto,1.933474200899734,14.50429765080284,58,29.997814283226507
P0169,Camisa,Algodão,Linha 1,G,Branco,1.9304489117445345,17.15449634949985,109,56.46355069893945
P0170,Vestido,Algodão,Linha 3,GG,Preto,2.380817635631348,25.12271288294803,174,73.08413605305745
P0171,Blusa,Linho,Linha 2,GG,Preto,0.5646501634224861,20.16671550599633,98,173.55879152854124
P0172,Camisa,Viscose,Linha 3,M,Branco,0.7686424089922723,20.689446702565544,274,356.47265463692975
P0173,Vestido,Linho,Linha 1,M,Azul,2.4805444835838504,33.54712368358042,100,40.31372977255446
P0174,Camisa,Algodão,Linha 3,G,Verde,1.9216695469538447,17.692053994254145,237,123.33025747100125
P0175,Blusa,Linho,Linha 1,P,Azul,0.7117985953057774,27.360354004260657,119,167.18212256218277
P0176,Camisa,Poliéster,Linha 3,M,Azul,1.6452737655023184,13.92009667852435,86,52.27093618291747
P0177,Blusa,Seda,Linha 1,M,Branco,0.6630238090620382,30.07253630894204,80,120.65931706611536
P0178,Calça,Algodão,Linha 1,M,Preto,2.9625151547825537,20.76010622685558,275,92.82652936173244
P0179,Saia,Seda,Linha 2,P,Branco,1.76323299821827,42.62033838905236,218,123.63652462283028
P0180,Camisa,Poliéster,Linha 1,P,Azul,1.662851808348584,17.109488400103423,111,66.75279146506544
P0181,Calça,Viscose,Linha 2,GG,Verde,1.6851821656222636,24.743142342417624,142,84.2638872501749
P0182,Camisa,Poliéster,Linha 2,P,Azul,1.441503315738213,14.440642491432031,235,163.02425213614814
P0183,Saia,Linho,Linha 2,M,Branco,1.3840321694800737,33.14833456448607,63,45.51917317331333
P0184,Saia,Viscose,Linha 3,P,Preto,1.292042038593925,18.5230899825677,213,164.855317116306
P0185,Calça,Algodão,Linha 3,P,Azul,2.8761282791362626,19.282742424881093,213,74.05789287811828
P0186,Blusa,Viscose,Linha 3,P,Preto,1.8764709168566505,14.543805114561804,294,156.6770885490146
P0187,Blusa,Linho,Linha 3,P,Vermelho,1.8312034103193235,25.866017374045605,128,69.89938926428685
P0188,Vestido,Algodão,Linha 1,G,Vermelho,3.0635836254164834,29.464738862975288,57,18.605661528906708
P0189,Vestido,Poliéster,Linha 1,P,Azul,3.520670528040696,22.66213814017668,203,57.65947093975092
P0190,Camisa,Linho,Linha 3,GG,Preto,0.6035554053670624,20.074631404172194,85,140.8321410828983
P0191,Camisa,Algodão,Linha 1,M,Branco,1.0021835628360187,19.381492957259404,97,96.78865588805463
P0192,Saia,Linho,Linha 1,M,Branco,1.6274062495143125,32.61681793441033,134,82.33961252145328
P0193,Saia,Poliéster,Linha 2,M,Preto,2.2712906439052265,17.587394654165536,77,33.90142965922109
P0194,Blusa,Linho,Linha 2,M,Preto,1.0339366602059608,27.322192063122223,245,236.95842253160447
P0195,Calça,Algodão,Linha 2,G,Azul,1.2970135632873616,21.43698205820961,239,184.2694685429809
P0196,Calça,Seda,Linha 2,P,Azul,2.1929341508270874,40.509244864536846,257,117.19458147116266
P0197,Blusa,Viscose,Linha 1,M,Branco,1.721575881003622,18.636704931264852,263,152.76701009930483
P0198,Saia,Viscose,Linha 3,G,Preto,1.7642469889199464,19.10099317907439,253,143.40395737610638
P0199,Saia,Linho,Linha 1,GG,Branco,1.2645374301969634,26.840645710245997,257,203.2363723389112
P0200,Blusa,Algodão,Linha 1,G,Branco,0.7950322959692346,21.024243716556292,100,125.78105381000736
P0201,Blusa,Seda,Linha 1,M,Vermelho,0.8562249577540759,33.95927511854932,153,178.6913574691016
P0202,Camisa,Algodão,Linha 2,G,Branco,0.9498463894918044,19.32502225623324,279,293.73170555427726
P0203,Camisa,Algodão,Linha 2,M,Preto,1.4641926057594636,18.06640343302074,219,149.5704862451526
P0204,Saia,Poliéster,Linha 2,M,Branco,2.2018909690754382,20.64248356975632,150,68.12326409739723
P0205,Blusa,Poliéster,Linha 3,P,Vermelho,1.5441197923505587,16.01560975050501,78,50.51421553328021
P0206,Camisa,Seda,Linha 1,M,Azul,1.0437529767972695,29.37702584739692,176,168.62227357669596
P0207,Camisa,Linho,Linha 3,P,Branco,1.7359964778199677,24.87900195279302,131,75.46098259629386
P0208,Blusa,Poliéster,Linha 2,M,Preto,0.8061314917336404,13.225538807618378,59,73.1890524126734
P0209,Camisa,Algodão,Linha 3,G,Azul,1.203561121277231,21.01442104051875,155,128.78448568986047
P0210,Camisa,Viscose,Linha 1,P,Verde,1.7014080823121454,16.9829460759088,216,126.95366987234752
P0211,Vestido,Poliéster,Linha 1,P,Branco,1.950396619331548,26.96080659006914,259,132.79350334844514
P0212,Blusa,Poliéster,Linha 2,P,Vermelho,0.6647946706111745,14.881101091571328,50,75.21119258376852
P0213,Blusa,Algodão,Linha 2,GG,Verde,1.8255259515319848,19.887084849516903,88,48.20528567460257
P0214,Camisa,Seda,Linha 3,M,Verde,1.014394494138794,30.79022144892806,70,69.00668369600032
P0215,Blusa,Linho,Linha 2,M,Azul,1.525805187363548,29.167560031187467,114,74.7146496447437
P0216,Camisa,Algodão,Linha 2,G,Azul,0.5380229063959077,22.406544798878,64,118.95404310705162
P0217,Calça,Algodão,Linha 1,G,Preto,2.3800937768188994,23.530848670059274,181,76.04742374559481
P0218,Blusa,Linho,Linha 2,M,Vermelho,0.9741519673204556,27.18699265972796,237,243.28852987065497
P0219,Blusa,Linho,Linha 2,M,Preto,0.5836112803811626,25.862354987807617,110,188.48162072562727
P0220,Blusa,Algodão,Linha 1,G,Azul,1.4147191423221757,19.938936389609992,197,139.25025406571967
P0221,Blusa,Viscose,Linha 1,M,Preto,0.8612057241097599,15.784673564047324,187,217.13743274675105
P0222,Vestido,Algodão,Linha 3,P,Azul,2.4670181051297,29.567235161458694,136,55.12728087289412
P0223,Camisa,Poliéster,Linha 2,G,Vermelho,0.6208712184297704,13.474911522135448,154,248.03855522482985
P0224,Calça,Viscose,Linha 1,M,Branco,1.2943265021898906,25.184236174718293,83,64.12601446356159
P0225,Calça,Poliéster,Linha 3,P,Vermelho,1.5959544709916875,16.814929057173696,173,108.39908226987326
P0226,Camisa,Linho,Linha 3,M,Preto,0.6346392508402356,29.522640145333725,159,250.5360325405192
P0227,Saia,Poliéster,Linha 2,P,Vermelho,2.8216525293726304,18.23799808868192,225,79.74050584110255
P0228,Calça,Algodão,Linha 2,P,Preto,1.0120940863679568,25.26282603529114,82,81.02013548391398
P0229,Saia,Viscose,Linha 3,G,Preto,1.9677204377286228,21.971005440387792,147,74.70573419956186
P0230,Blusa,Poliéster,Linha 1,P,Verde,0.6848711871988271,12.776283701800203,280,408.83600483358094
P0231,Blusa,Seda,Linha 3,M,Branco,0.9615186342169229,28.50985462809529,110,114.40235902405144
P0232,Vestido,Algodão,Linha 2,M,Vermelho,3.815148899545664,25.18975334733149,59,15.464665090011602
P0233,Vestido,Algodão,Linha 1,P,Preto,1.9042363831849671,31.47544853020058,231,121.30846886437308
P0234,Vestido,Algodão,Linha 1,GG,Preto,3.914580799295832,29.36249034240527,133,33.97554088650425
P0235,Camisa,Linho,Linha 3,P,Preto,0.8086915654841326,27.779849715709368,114,140.96845431020736
P0236,Blusa,Poliéster,Linha 2,M,Azul,1.6123491627002444,13.32282288599622,126,78.14684493586019
P0237,Calça,Seda,Linha 3,M,Preto,2.0933545297946234,31.16975124138242,50,23.885108465074687
P0238,Camisa,Poliéster,Linha 3,P,Branco,1.8267180913951384,14.437993385782606,182,99.63223162748622
P0239,Blusa,Viscose,Linha 3,P,Branco,1.3309898832546965,21.07141475917234,129,96.92034599433144
P0240,Camisa,Algodão,Linha 1,G,Branco,1.3018388287344629,21.68337452009929,64,49.16123147303523
P0241,Saia,Seda,Linha 1,GG,Verde,1.3909160007367998,34.83250019701803,290,208.49569625080196
P0242,Saia,Seda,Linha 2,P,Verde,1.3324587241033174,36.24871924446207,77,57.78790637722561
P0243,Saia,Seda,Linha 2,M,Preto,2.8329783022310284,30.012667360950218,272,96.01203079663352
P0244,Calça,Seda,Linha 3,G,Azul,1.655676397700068,42.97789290781603,72,43.48675870479073
P0245,Camisa,Seda,Linha 3,G,Preto,1.058123382444344,31.996887656339027,289,273.1250483590944
P0246,Saia,Linho,Linha 3,M,Azul,2.519647316856777,27.424848821561067,158,62.70718879700302
P0247,Calça,Algodão,Linha 2,M,Vermelho,1.6776469648456147,24.823760584466346,156,92.98738248804084
P0248,Saia,Algodão,Linha 1,M,Verde,2.9041248932780057,20.251030714262345,194,66.80153475804003
P0249,Saia,Viscose,Linha 1,G,Preto,2.4758555379976004,25.62482881849752,162,65.4319274746623
P0250,Saia,Linho,Linha 3,G,Vermelho,2.19485848514684,26.09741985460039,147,66.97470520071613
P0251,Calça,Seda,Linha 3,P,Branco,2.7617903210895047,38.13163657999508,190,68.79595404080005
P0252,Calça,Poliéster,Linha 3,M,Verde,1.0992118166989655,16.1672721302803,191,173.76086855906502
P0253,Saia,Algodão,Linha 3,GG,Branco,1.5141253843784177,26.088589273425946,188,124.16408967159497
P0254,Calça,Algodão,Linha 2,G,Azul,1.93007266844182,26.657485125506696,77,39.89487093362313
P0255,Camisa,Linho,Linha 1,GG,Azul,0.8404678092072815,26.734197289114327,91,108.2730343781162
P0256,Vestido,Poliéster,Linha 3,G,Azul,3.35976296825538,23.530495142296733,273,81.25573219879865
P0257,Saia,Algodão,Linha 2,M,Branco,2.8384160621074503,27.76770330193931,148,52.14175679731528
P0258,Blusa,Poliéster,Linha 3,M,Verde,1.1356551798963852,12.47176026593855,110,96.86038680335712
P0259,Vestido,Algodão,Linha 3,M,Branco,2.3553315002797373,27.970977189362344,172,73.02581397971876
P0260,Camisa,Linho,Linha 1,P,Azul,1.9423260982063493,22.482874796308455,113,58.17766651251323
P0261,Blusa,Algodão,Linha 3,M,Branco,1.1672786492413112,23.904111696523373,80,68.5354778415566
P0262,Saia,Seda,Linha 1,G,Preto,1.9780968008985664,34.407212827202976,130,65.71973623381143
P0263,Camisa,Poliéster,Linha 1,P,Preto,1.027474808512858,16.39567619544239,288,280.2988429632101
P0264,Vestido,Poliéster,Linha 1,G,Preto,3.773871182530346,24.16252647492904,250,66.24497443295806
P0265,Saia,Algodão,Linha 2,M,Branco,2.1379109665637017,21.235979879782825,59,27.597033236062043
P0266,Blusa,Algodão,Linha 2,GG,Branco,1.643261880772467,17.91198144169241,57,34.68710658170039
P0267,Blusa,Poliéster,Linha 1,P,Preto,1.7177100775263296,13.687707381318203,198,115.2697434744863
P0268,Blusa,Poliéster,Linha 3,P,Vermelho,1.0127735628758874,14.466763669556276,254,250.7964359562642
P0269,Calça,Linho,Linha 1,M,Vermelho,1.86738866264076,26.811900787806323,108,57.83477331776891
P0270,Calça,Algodão,Linha 3,P,Branco,2.6969435488125293,19.38865423436974,227,84.1693553800741
P0271,Blusa,Linho,Linha 1,G,Preto,1.044883027513715,28.79393056807196,246,235.43305185591308
P0272,Blusa,Seda,Linha 3,G,Branco,1.690902700177777,35.58731797657061,247,146.07582090562104
P0273,Saia,Seda,Linha 2,P,Branco,2.881984645148874,33.71861357325458,79,27.41166582305615
P0274,Saia,Algodão,Linha 3,M,Azul,2.246420746136014,22.449666042484537,272,121.08150286087644
P0275,Vestido,Poliéster,Linha 1,M,Azul,3.354068218629722,18.06382631496934,194,57.84020698280763
P0276,Vestido,Algodão,Linha 2,M,Branco,3.5127432801028373,32.163008259964485,252,71.73880352355911
P0277,Blusa,Algodão,Linha 3,GG,Branco,1.7675594733449638,22.60351916598903,69,39.03687600928249
P0278,Blusa,Viscose,Linha 3,G,Branco,1.092580006785194,15.455579762592023,97,88.78068370060392
P0279,Blusa,Algodão,Linha 3,M,Vermelho,0.5768951887639973,17.277330794937207,250,433.3542814521076
P0280,Blusa,Poliéster,Linha 3,G,Verde,1.1028144068551091,16.740499499828626,179,162.31198911379246
P0281,Saia,Linho,Linha 3,M,Branco,2.34751245956818,31.39548898024973,86,36.63452334383756
P0282,Calça,Linho,Linha 2,GG,Branco,1.9007007715615856,24.538326691532603,178,93.64966998659028
P0283,Calça,Linho,Linha 2,M,Vermelho,2.4979263017207973,31.470563885547374,181,72.46010415732076
P0284,Camisa,Algodão,Linha 2,G,Verde,1.035473644202996,18.47134178275013,149,143.89550215417148
P0285,Vestido,Poliéster,Linha 2,G,Preto,3.0868603527600738,21.31852639923761,103,33.367236683675685
P0286,Camisa,Poliéster,Linha 1,P,Branco,0.7796297072809619,16.618388509781283,171,219.33489501879032
P0287,Vestido,Algodão,Linha 2,G,Branco,3.373423591612392,33.731222312071324,74,21.93617196013925
P0288,Vestido,Poliéster,Linha 3,P,Azul,2.8642399220325645,21.60320964155848,180,62.843897473597714
P0289,Calça,Algodão,Linha 3,M,Preto,1.4081287770932012,28.292668185661004,58,41.18941459298158
P0290,Vestido,Algodão,Linha 2,M,Branco,2.229777933744518,28.877552615424868,263,117.9489652399322
P0291,Camisa,Poliéster,Linha 3,GG,Azul,1.6229130628727486,16.63101621138066,264,162.670451079301
P0292,Camisa,Algodão,Linha 2,G,Branco,1.223901853492281,19.871018116514072,253,206.7159219328657
P0293,Blusa,Linho,Linha 3,G,Vermelho,0.8240471605896083,28.97532326522084,251,304.5942174236833
P0294,Calça,Linho,Linha 1,G,Preto,2.934542380740595,34.893134923802144,83,28.28379666442342
P0295,Camisa,Seda,Linha 1,M,Branco,1.5726875297253318,25.049001694453008,92,58.49858809274573
P0296,Vestido,Algodão,Linha 2,GG,Azul,3.8928370813494895,35.23791997572271,123,31.596493105064862
P0297,Blusa,Algodão,Linha 2,M,Preto,1.1406575680405149,22.604278732163326,143,125.36628345494904
P0298,Camisa,Algodão,Linha 2,M,Verde,1.2126505110375807,22.330485714501336,71,58.54943312500667
P0299,Blusa,Linho,Linha 3,P,Preto,1.8469328242775287,22.009113396855223,119,64.43114683748699
P0300,Camisa,Linho,Linha 2,G,Branco,1.2875740103680768,28.05119208754665,291,226.0064257718376
P0301,Camisa,Algodão,Linha 1,G,Azul,1.5609183678585008,22.801061877480294,179,114.67608023959558
P0302,Vestido,Viscose,Linha 3,M,Branco,2.130432193738825,24.72282361210483,143,67.12253054580471
P0303,Vestido,Algodão,Linha 2,P,Verde,2.6168161717566014,35.42712094034788,243,92.86093636332136
P0304,Blusa,Poliéster,Linha 3,G,Preto,0.6851747987155327,12.299160878394986,81,118.21800823942615
P0305,Blusa,Linho,Linha 3,P,Preto,0.8089700538154425,21.4990925324714,155,191.6016535704318
P0306,Saia,Seda,Linha 2,G,Branco,1.0018868305352622,36.5411683879418,193,192.6365275176728
P0307,Vestido,Linho,Linha 3,GG,Preto,1.5981626291216506,38.636887066834646,253,158.3067926816989
P0308,Calça,Seda,Linha 1,M,Vermelho,2.9545676463538584,38.09016119953301,50,16.922949813555114
P0309,Blusa,Poliéster,Linha 1,P,Vermelho,0.8635305427051434,12.101814775892798,294,340.46276936424204
P0310,Calça,Seda,Linha 3,G,Branco,2.326621419008004,42.62928155455868,121,52.00674205586507
P0311,Calça,Algodão,Linha 2,G,Branco,2.678199397599223,19.62804569024778,225,84.01166851194623
P0312,Camisa,Seda,Linha 3,M,Vermelho,1.3259906888548465,25.71674343268083,99,74.66115775330103
P0313,Camisa,Poliéster,Linha 1,GG,Verde,0.7297167501259343,12.084087105156344,190,260.37500162523315
P0314,Saia,Seda,Linha 3,P,Branco,2.4562328746723328,36.96276143943496,64,26.056161311063697
P0315,Blusa,Poliéster,Linha 3,M,Preto,1.400377115149375,17.593601303525833,102,72.8375227619454
P0316,Blusa,Linho,Linha 1,G,Preto,1.5968758840210626,26.65947166080464,221,138.39522671198725
P0317,Calça,Poliéster,Linha 3,G,Vermelho,2.5394932457141746,20.32313377305908,57,22.445422958378472
P0318,Camisa,Linho,Linha 3,P,Branco,1.9631155515271177,20.1328120345858,123,62.65550690804607
P0319,Camisa,Algodão,Linha 2,G,Branco,1.360344920040065,20.336122387837808,95,69.83522972776791
P0320,Calça,Algodão,Linha 2,M,Vermelho,1.6832822253812036,23.611804584053008,118,70.10113825284242
P0321,Vestido,Algodão,Linha 1,M,Branco,3.1211613922505927,29.98761533064952,163,52.22414976832221
P0322,Blusa,Algodão,Linha 1,P,Preto,0.6026610638639391,16.577705482681502,196,325.22426244588166
P0323,Blusa,Seda,Linha 1,G,Preto,1.8460959774823795,32.213224332831686,288,156.00489005602034
P0324,Calça,Algodão,Linha 2,P,Preto,1.2387620226763936,24.030915982642888,215,173.56037403817413
P0325,Saia,Viscose,Linha 1,M,Preto,1.6556856757716365,23.89088606280132,172,103.88445253646286
P0326,Blusa,Poliéster,Linha 1,P,Preto,1.7236180709391813,14.911743804370293,188,109.07288753219022
P0327,Vestido,Algodão,Linha 1,G,Branco,2.9932809458267795,25.792579634717185,166,55.45754074018229
P0328,Blusa,Seda,Linha 2,M,Azul,1.090453280416163,31.779083448933864,92,84.36858474568385
P0329,Calça,Linho,Linha 3,G,Vermelho,1.9468713187500428,26.068636345262,69,35.4414795346106
P0330,Camisa,Poliéster,Linha 1,P,Vermelho,1.7818210898032705,17.234367380128887,197,110.56104405058456
P0331,Calça,Linho,Linha 3,M,Branco,1.6800087721197845,31.357394868830895,70,41.66644910530801
P0332,Blusa,Linho,Linha 1,M,Branco,1.804474527218257,21.572038835569543,131,72.59731186227775
P0333,Camisa,Algodão,Linha 3,G,Branco,0.6322016464650373,23.69870445984965,106,167.66802268342735
P0334,Camisa,Viscose,Linha 2,GG,Preto,1.6651976558129462,18.132231336014307,227,136.32015347101785
P0335,Camisa,Viscose,Linha 2,P,Preto,1.7713214495821046,14.924868853475916,123,69.43968302818132
P0336,Camisa,Linho,Linha 1,M,Azul,0.7727264792560081,26.268329044150672,147,190.23548946003984
P0337,Saia,Algodão,Linha 3,P,Branco,1.8606930647444009,21.630709507322976,203,109.09913292329364
P0338,Blusa,Linho,Linha 2,M,Branco,0.7482496619954835,28.036934518773023,207,276.6456311493121
P0339,Vestido,Algodão,Linha 1,P,Preto,3.2665103224855443,33.813864882794284,250,76.53427521079152
P0340,Camisa,Algodão,Linha 1,M,Azul,1.303021652092485,23.831578846837296,159,122.02406594293078
P0341,Vestido,Algodão,Linha 2,M,Branco,3.0883083667708027,30.022434372294043,164,53.103505389742445
P0342,Vestido,Poliéster,Linha 2,M,Azul,1.991217417390528,22.094611917549635,208,104.45870861886196
P0343,Camisa,Seda,Linha 1,M,Branco,0.8176187930786293,33.04170726535777,91,111.298811585962
P0344,Calça,Linho,Linha 3,G,Vermelho,1.0829946510198127,25.58964787610312,296,273.3162160323402
P0345,Calça,Linho,Linha 3,M,Vermelho,1.6441350703914597,30.56298616551749,117,71.16203656682717
P0346,Blusa,Poliéster,Linha 3,P,Branco,1.3396169920005123,15.277485600785106,238,177.6627210771517
P0347,Blusa,Poliéster,Linha 1,G,Branco,1.7869023709959932,12.536838736862324,238,133.1913840750809
P0348,Camisa,Poliéster,Linha 2,P,Preto,1.5003911711880211,14.50790451304148,119,79.31265011761893
P0349,Calça,Viscose,Linha 1,M,Branco,1.8707926467995029,24.652380659620626,127,67.88566344713182
P0350,Blusa,Algodão,Linha 2,M,Azul,1.9296801715912064,22.84922897595728,245,126.9640449266647
P0351,Vestido,Seda,Linha 3,M,Vermelho,3.29811300143958,37.78627796855426,139,42.14531155825421
P0352,Saia,Linho,Linha 3,P,Azul,2.8603304057251,25.088650592973966,160,55.93759367091008
P0353,Blusa,Poliéster,Linha 2,M,Vermelho,1.2913819599082486,13.576172862011612,161,124.67264140149432
P0354,Camisa,Linho,Linha 2,GG,Preto,0.8883564121897094,28.747660625539936,152,171.1024966041898
P0355,Camisa,Poliéster,Linha 1,M,Branco,0.579240029547083,12.773415510440994,194,334.9216043506035
P0356,Blusa,Seda,Linha 3,M,Azul,1.5891272772257756,32.63996163152935,68,42.79078269848293
P0357,Camisa,Viscose,Linha 1,M,Preto,0.6819544970083011,15.128392461214345,228,334.33315712444767
P0358,Vestido,Poliéster,Linha 1,P,Azul,2.256937820679918,23.60824068373043,290,128.49268479741968
P0359,Saia,Algodão,Linha 1,M,Branco,2.064941815767795,22.61824607154379,119,57.62874241362242
P0360,Vestido,Linho,Linha 3,G,Branco,2.911041469449369,41.83370944448801,112,38.47420284987733
P0361,Calça,Viscose,Linha 1,P,Verde,2.201166393974272,19.29908547785114,270,122.662239773935
P0362,Blusa,Algodão,Linha 1,P,Branco,0.749382995524551,21.11361463511968,124,165.46946053026306
P0363,Vestido,Linho,Linha 1,P,Verde,2.4493435120541216,33.535238018638275,257,104.92607457272054
P0364,Vestido,Linho,Linha 1,M,Verde,3.0429855677924165,40.704904246682304,207,68.02529798068399
P0365,Saia,Linho,Linha 1,GG,Vermelho,2.9396377292675693,34.48413641472898,202,68.71595026450068
P0366,Calça,Algodão,Linha 1,P,Azul,2.4552622753993774,20.41729727161689,153,62.31513493812499
P0367,Saia,Linho,Linha 3,M,Azul,2.845207514187916,34.39914826314604,124,43.5820583847264
P0368,Saia,Viscose,Linha 1,P,Vermelho,2.524424116628354,22.40849019813953,177,70.11500121318876
P0369,Camisa,Algodão,Linha 2,GG,Branco,1.3875754533386009,17.016883926936192,248,178.72901931444173
P0370,Camisa,Algodão,Linha 1,P,Preto,0.7880350537045169,19.420334842877697,203,257.6027538949013
P0371,Camisa,Viscose,Linha 1,M,Azul,1.5000284778387696,15.558194113092704,105,69.99867105942099
P0372,Camisa,Algodão,Linha 3,G,Preto,1.4350693489398605,21.60278311093256,71,49.47496095045885
P0373,Camisa,Seda,Linha 3,G,Preto,1.4037037556858998,33.106417613015395,138,98.31134200575552
P0374,Blusa,Poliéster,Linha 2,M,Preto,1.2346788019823611,12.634779121636791,68,55.07505262973768
P0375,Camisa,Algodão,Linha 2,M,Azul,1.2929849059839134,20.049118821557155,208,160.86808054554956
P0376,Calça,Seda,Linha 3,M,Vermelho,1.668885054236208,40.5306008067732,75,44.94018315379122
P0377,Blusa,Poliéster,Linha 3,P,Branco,1.2789690389634547,17.61697824930598,219,171.23166654408567
P0378,Camisa,Poliéster,Linha 1,P,Verde,0.7963338585177173,15.08110720045062,218,273.75452854131004
P0379,Blusa,Poliéster,Linha 3,M,Azul,1.7077615960405652,17.70167534166844,277,162.20062603716045
P0380,Calça,Linho,Linha 2,P,Vermelho,1.3715539093974156,30.42826764547236,72,52.49520234434882
P0381,Camisa,Algodão,Linha 1,P,Azul,0.6274494348341997,19.153523956799265,96,153.00037687557645
P0382,Blusa,Poliéster,Linha 2,M,Vermelho,1.154369039535736,17.089218771317373,62,53.708994157479445
P0383,Blusa,Viscose,Linha 1,GG,Branco,1.4874611592590927,17.94947551529824,266,178.82819887041293
P0384,Saia,Algodão,Linha 3,M,Vermelho,1.8754336498670827,23.730264101419426,115,61.31915144433415
P0385,Blusa,Linho,Linha 2,P,Branco,0.915131197926963,24.903124894098283,243,265.5356964667638
P0386,Blusa,Poliéster,Linha 1,P,Vermelho,1.337256775835661,17.08071001121847,193,144.32531095562626
P0387,Calça,Seda,Linha 1,GG,Verde,1.6940046708244,40.779958200307945,122,72.01869162534706
P0388,Camisa,Algodão,Linha 3,P,Branco,1.8993015351899496,19.22815993952169,205,107.9344149424372
P0389,Blusa,Viscose,Linha 3,P,Branco,1.8839677094053584,16.79975899106778,126,66.88012717573048
P0390,Blusa,Poliéster,Linha 3,M,Vermelho,1.253557729958143,14.951568144234775,212,169.11865718946888
P0391,Saia,Algodão,Linha 2,M,Branco,1.655767988036517,24.698616093476247,218,131.66095828348153
P0392,Calça,Algodão,Linha 1,M,Vermelho,2.474264827913278,21.48803722202877,254,102.65675570962064
P0393,Calça,Algodão,Linha 3,P,Branco,1.0734258869661333,26.821968813269667,80,74.52773495719133
P0394,Blusa,Poliéster,Linha 2,P,Branco,1.212153509065477,14.918896594394536,134,110.54705447605294
P0395,Calça,Poliéster,Linha 2,GG,Verde,1.672646788540667,16.805127948623706,209,124.95166429150656
P0396,Saia,Seda,Linha 2,P,Azul,2.8410717702051094,30.338222298681465,231,81.3073440884329
P0397,Saia,Poliéster,Linha 3,M,Vermelho,1.024006054545365,16.11968515490597,275,268.5530996416751
P0398,Calça,Algodão,Linha 3,G,Preto,2.105629751436698,28.313099248857444,249,118.25440813139352
P0399,Blusa,Linho,Linha 1,M,Azul,1.610995371599939,23.050996868195263,108,67.0392987490344
P0400,Blusa,Linho,Linha 1,M,Azul,1.227526981286062,21.688592893670357,90,73.31814401807146
P0401,Camisa,Algodão,Linha 3,P,Azul,0.6281045452440825,19.685382333239943,161,256.32675518600985
P0402,Saia,Algodão,Linha 2,M,Azul,2.9449227800558044,22.148042336258385,243,82.51489704439561
P0403,Vestido,Algodão,Linha 2,G,Azul,2.7950260784402445,24.42191100325433,279,99.82017776223935
P0404,Blusa,Linho,Linha 2,GG,Preto,1.421279366478517,23.23145217279417,145,102.02075919758433
P0405,Calça,Linho,Linha 1,P,Branco,1.4732195654150146,30.529303487273623,231,156.79943806266647
P0406,Saia,Poliéster,Linha 2,P,Vermelho,1.966996170213608,18.37232907854376,217,110.32049949361858
P0407,Calça,Seda,Linha 1,GG,Branco,1.858298983916644,33.934448464947195,171,92.0196381098976
P0408,Camisa,Seda,Linha 1,G,Azul,0.6123437630029755,29.367633075031208,205,334.77927331972165
P0409,Saia,Linho,Linha 2,G,Branco,1.2123207070949344,35.5862150188172,214,176.52094759051417
P0410,Camisa,Seda,Linha 2,P,Azul,1.7562087794281618,28.52818172676374,154,87.68889086760166
P0411,Calça,Algodão,Linha 3,M,Azul,1.4796399044131805,21.67897740729584,242,163.55330731363065
P0412,Saia,Algodão,Linha 3,G,Branco,1.389916542997261,21.537283623040896,282,202.8898795548444
P0413,Saia,Algodão,Linha 2,M,Branco,2.0098229025002787,23.594540281959688,123,61.19942202220125
P0414,Vestido,Algodão,Linha 1,M,Branco,3.4218678284062825,33.11424178460332,232,67.79922885217131
P0415,Blusa,Poliéster,Linha 1,P,Azul,0.5929197778684818,13.23592910513084,181,305.26895333241595
P0416,Calça,Viscose,Linha 1,M,Vermelho,2.153615839276512,23.408318538496232,148,68.72163423989271
P0417,Calça,Algodão,Linha 1,P,Branco,1.2384208856811467,19.4030383041544,175,141.3089863255559
P0418,Calça,Algodão,Linha 1,M,Azul,1.072922101651237,23.22175658864588,187,174.29037924766885
P0419,Blusa,Poliéster,Linha 3,GG,Preto,0.579115928243326,16.65519039121672,224,386.796475585597
P0420,Blusa,Viscose,Linha 2,M,Preto,1.751246162312662,16.838877281575904,124,70.80672190381732
P0421,Blusa,Poliéster,Linha 3,G,Verde,0.6769587254420923,15.382422608672396,63,93.06328086525131
P0422,Blusa,Poliéster,Linha 1,P,Preto,0.5677270466184379,13.229875396955464,87,153.24265510723782
P0423,Camisa,Algodão,Linha 1,M,Preto,1.1568498307143684,21.93596312900938,189,163.3747051536415
P0424,Vestido,Algodão,Linha 1,GG,Branco,3.6099836798550617,24.62734923922512,94,26.03889888049966
P0425,Camisa,Viscose,Linha 1,P,Branco,0.8936125647339529,20.5383070431036,194,217.0963207727029
P0426,Vestido,Viscose,Linha 2,P,Branco,2.554281543814791,23.740520973354016,257,100.61537680618142
P0427,Calça,Algodão,Linha 1,M,Branco,1.0798450651275024,27.59422110439997,212,196.3244606530365
P0428,Saia,Viscose,Linha 2,P,Azul,1.898157028269752,20.325852644836463,243,128.01891328322003
P0429,Calça,Linho,Linha 1,G,Preto,2.155226161274268,32.67220289369384,124,57.53456515518797
P0430,Camisa,Seda,Linha 2,GG,Preto,1.356360580628217,27.830703573434263,218,160.72422268349194
P0431,Camisa,Poliéster,Linha 3,M,Branco,0.9986400382615476,17.435470027407884,244,244.3322825557445
P0432,Blusa,Poliéster,Linha 1,P,Branco,0.9732997709947032,12.759822753110246,78,80.13974966857819
P0433,Blusa,Poliéster,Linha 2,M,Azul,0.6599354284048968,13.071118735635592,67,101.52508429793347
P0434,Camisa,Linho,Linha 3,G,Verde,1.0501974809694026,24.930301251588023,69,65.70192868517299
P0435,Camisa,Algodão,Linha 1,P,Branco,0.649242003309447,16.65550751230517,288,443.5942199240783
P0436,Blusa,Algodão,Linha 1,M,Vermelho,1.6498939170680775,17.567841477614095,63,38.18427315130256
P0437,Camisa,Poliéster,Linha 1,M,Azul,1.9494114466222787,17.662598293272087,211,108.2377967799446
P0438,Blusa,Linho,Linha 2,M,Azul,1.9551116850000605,29.76489661147887,226,115.594419354101
P0439,Blusa,Algodão,Linha 2,P,Preto,1.7976066490630909,19.010074634643374,103,57.29840844418516
P0440,Camisa,Linho,Linha 3,G,Branco,1.4011882240094289,29.23286021013936,80,57.09439933136469
P0441,Camisa,Viscose,Linha 2,P,Branco,1.55129854586582,18.32273766484871,107,68.97447321481278
P0442,Saia,Algodão,Linha 2,P,Azul,1.570411605360828,21.789527672388164,153,97.42668704033534
P0443,Calça,Linho,Linha 1,G,Preto,2.261540840345241,32.42878465296718,219,96.83663283594204
P0444,Calça,Poliéster,Linha 1,G,Verde,1.911299098879755,19.14409300733897,235,122.95302191987508
P0445,Blusa,Seda,Linha 1,P,Preto,1.2230260096653989,35.869503829304804,177,144.72300556259185
P0446,Saia,Algodão,Linha 1,P,Branco,2.515553120750316,21.74445395912912,259,102.95946361202178
P0447,Saia,Linho,Linha 1,P,Azul,1.5638367111945033,32.064714031940824,207,132.3667608761323
P0448,Blusa,Seda,Linha 1,P,Branco,0.9770594175417798,24.62428506035336,74,75.73746148026427
P0449,Calça,Viscose,Linha 1,P,Preto,2.8492835822572733,18.261901774339652,240,84.23170002961447
P0450,Camisa,Linho,Linha 3,P,Azul,0.5843364422764583,20.039183749510933,68,116.37131467461715
P0451,Blusa,Poliéster,Linha 3,M,Verde,1.2284514476200106,17.996764086358038,249,202.69421350140465
P0452,Vestido,Linho,Linha 3,G,Vermelho,3.7820020010196544,42.03410545721216,269,71.12635052215089
P0453,Calça,Seda,Linha 3,M,Azul,2.220726015636314,40.12881141216299,185,83.30608940382552
P0454,Saia,Linho,Linha 1,M,Azul,2.092814148424264,30.11671290345816,272,129.9685403048312
P0455,Camisa,Algodão,Linha 3,P,Verde,0.8746162688440329,18.40053666324352,52,59.454645256859465
P0456,Vestido,Viscose,Linha 1,GG,Branco,2.3581887226611205,23.2336542721969,244,103.46924215830184
P0457,Camisa,Linho,Linha 3,G,Branco,1.7780726237070394,22.846747388464635,285,160.28591644688493
P0458,Vestido,Linho,Linha 2,G,Branco,2.898045329421145,35.63956832893709,135,46.583122296077015
P0459,Camisa,Algodão,Linha 3,G,Branco,1.2721132906351698,22.050480775842352,258,202.8121252244601
P0460,Camisa,Linho,Linha 3,GG,Azul,0.6493695703100434,25.396617889031525,277,426.5675705557708
P0461,Camisa,Poliéster,Linha 1,M,Azul,0.5240422346826847,12.464901759332896,194,370.1991693808226
P0462,Blusa,Linho,Linha 3,P,Azul,1.9455277830305735,20.18029008958912,191,98.1738742905418
P0463,Blusa,Algodão,Linha 2,M,Branco,1.0654792509302624,16.818657436272506,292,274.0550787310563
P0464,Vestido,Linho,Linha 1,G,Azul,3.008032655248761,36.15748070546069,58,19.28170556885243
P0465,Saia,Viscose,Linha 1,G,Preto,1.15943014637457,25.342786803303515,239,206.13574758887435
P0466,Calça,Algodão,Linha 3,M,Azul,2.366228571446093,25.319063819608527,143,60.433722137252026
P0467,Calça,Viscose,Linha 1,P,Azul,2.865133417411922,24.20777577492445,198,69.1067294795834
P0468,Saia,Poliéster,Linha 1,M,Preto,2.1513305059948395,17.75789708043275,253,117.60164200479518
P0469,Camisa,Seda,Linha 1,GG,Branco,0.6891729835631158,28.339992998340517,214,310.5171054349687
P0470,Saia,Seda,Linha 1,M,Branco,2.1634430549469537,30.36096536711937,273,126.1877447505517
P0471,Camisa,Linho,Linha 1,M,Vermelho,1.6495208196569786,28.75933022186205,188,113.97249295652722
P0472,Saia,Linho,Linha 1,P,Verde,1.812833073148037,33.39792034833483,69,38.06197107832962
P0473,Camisa,Seda,Linha 2,M,Azul,1.8197566219122017,26.017417171172703,84,46.16001886655191
P0474,Saia,Poliéster,Linha 3,G,Branco,2.297365906714729,18.088276059909077,102,44.39867402135416
P0475,Vestido,Poliéster,Linha 2,M,Preto,3.7481222957230074,22.386373271291205,224,59.76325806007106
P0476,Saia,Linho,Linha 1,G,Azul,2.2470106224946744,31.50109863223834,159,70.76068017136258
P0477,Camisa,Seda,Linha 1,M,Vermelho,0.6969319580072364,35.354242727895134,252,361.58479619811527
P0478,Vestido,Seda,Linha 3,M,Branco,2.2742292777629727,46.43588595172464,229,100.693453487352
P0479,Saia,Seda,Linha 2,P,Branco,1.4035898965049138,36.57912864161211,185,131.80488151180728
P0480,Vestido,Poliéster,Linha 3,G,Azul,3.772066244292156,18.452906396411976,53,14.050654619387702
P0481,Blusa,Seda,Linha 2,M,Preto,1.640600100931224,24.754889712216286,204,124.344744270226
P0482,Blusa,Algodão,Linha 1,M,Branco,1.5145975533650091,17.49877433061431,221,145.91334807652387
P0483,Vestido,Poliéster,Linha 3,M,Branco,2.252415799079054,18.29223694522573,217,96.34100421810432
P0484,Blusa,Algodão,Linha 3,GG,Preto,0.7760671580753202,21.9468231645601,151,194.5707899487545
P0485,Vestido,Poliéster,Linha 1,P,Vermelho,3.39112771997228,24.509972735945663,96,28.309166721914192
P0486,Saia,Poliéster,Linha 3,G,Verde,1.9483158917581596,15.379604887907828,143,73.39672206387274
P0487,Camisa,Poliéster,Linha 2,P,Azul,0.8386843282259437,17.016473404771688,221,263.507964274804
P0488,Calça,Linho,Linha 2,M,Preto,2.23324395633055,25.857432418153344,97,43.43457405315494
P0489,Saia,Poliéster,Linha 2,P,Branco,1.080667704276904,16.568464226380982,289,267.4272571080262
P0490,Saia,Poliéster,Linha 2,M,Preto,1.652340508256507,16.19263367396183,140,84.72829861668355
P0491,Vestido,Algodão,Linha 1,M,Preto,2.6713924864778367,28.46768518287657,262,98.0761910974154
P0492,Blusa,Poliéster,Linha 3,P,Azul,0.7219375011641087,13.527982595339772,229,317.20197334359614
P0493,Calça,Algodão,Linha 2,M,Preto,2.96930895518168,23.89392889380914,133,44.79156665994775
P0494,Camisa,Algodão,Linha 1,GG,Branco,0.8136460468844213,19.25926305083748,117,143.7971713228515
P0495,Vestido,Linho,Linha 3,P,Branco,1.825882825108164,44.7985423616899,188,102.96389089966004
P0496,Calça,Linho,Linha 3,G,Preto,1.4070697477737928,24.671116201538705,254,180.51699313546345
P0497,Vestido,Linho,Linha 1,M,Branco,3.4226528328993107,32.132720645810274,174,50.83775904102011
P0498,Camisa,Poliéster,Linha 1,M,Branco,1.1382584889077645,12.316955363451616,122,107.18127840809449
P0499,Saia,Poliéster,Linha 2,P,Verde,2.130831879505076,18.906056603873104,53,24.872914897589293
P0500,Saia,Seda,Linha 3,P,Preto,1.0420183139727217,29.58493359475756,125,119.9595039010728
P0501,Blusa,Poliéster,Linha 3,P,Preto,0.5516469628599718,17.01863842425674,122,221.15593525159687
P0502,Vestido,Poliéster,Linha 1,P,Vermelho,2.6145638745675406,22.60744767613735,126,48.191593720708354
P0503,Calça,Algodão,Linha 3,P,Verde,2.6333104864032477,24.259273195982725,97,36.83576262687091
P0504,Blusa,Poliéster,Linha 2,M,Azul,1.827858318061348,15.369567046273165,203,111.05893602043764
P0505,Blusa,Poliéster,Linha 3,G,Vermelho,0.6300598513934603,13.024882237837264,151,239.65977147416012
P0506,Camisa,Poliéster,Linha 1,G,Preto,1.3075446531515342,13.186141818686924,155,118.54279670404244
P0507,Saia,Linho,Linha 1,M,Preto,2.826459372558541,27.82580787447605,126,44.57874088808977
P0508,Blusa,Poliéster,Linha 2,P,Preto,1.0819591315968295,15.560978494931108,88,81.3339408394507
P0509,Saia,Linho,Linha 2,P,Azul,2.659131662856737,26.52141331128257,269,101.16084275082868
P0510,Blusa,Seda,Linha 3,M,Azul,0.7005434815991542,25.39598072559913,107,152.73855629310472
P0511,Blusa,Seda,Linha 3,P,Preto,1.903091734501698,35.64140263702119,68,35.73133063803937
P0512,Calça,Linho,Linha 1,M,Branco,2.502846635062605,24.26378177771548,137,54.73767272862612
P0513,Saia,Viscose,Linha 2,M,Azul,2.882668785573803,24.215305582103223,260,90.19419827250331
P0514,Saia,Algodão,Linha 2,M,Branco,2.353234467105013,26.76513743592021,162,68.84141901903001
P0515,Camisa,Algodão,Linha 2,M,Azul,1.0451058979991406,18.377712910760767,126,120.56194519735034
P0516,Camisa,Algodão,Linha 3,G,Azul,1.9072717587870835,17.085012928058507,126,66.06295060968597
P0517,Calça,Linho,Linha 2,G,Azul,1.551133552618357,25.74754376046508,235,151.5021060587036
P0518,Blusa,Seda,Linha 1,M,Vermelho,0.9982587830925987,32.369179406846314,77,77.13430756046496
P0519,Saia,Algodão,Linha 1,GG,Vermelho,2.4016168360034804,25.370943274427265,294,122.417529554483
P0520,Camisa,Viscose,Linha 3,GG,Preto,1.6479744492880797,20.035768854609984,115,69.78263531311404
P0521,Vestido,Algodão,Linha 3,M,Azul,3.823508709622885,35.24977406878926,59,15.430852779676083
P0522,Calça,Viscose,Linha 2,M,Azul,1.409604818112419,23.258252418623357,175,124.14827031759152
P0523,Saia,Poliéster,Linha 3,M,Branco,2.595996070438448,15.522131063170391,263,101.30986059450426
P0524,Blusa,Algodão,Linha 1,GG,Branco,1.607819080095445,17.947540934123285,254,157.97797348251507
P0525,Blusa,Poliéster,Linha 2,G,Branco,0.5956918343803967,17.053162385238686,107,179.62307660519645
P0526,Vestido,Algodão,Linha 1,P,Preto,2.4680578530255173,26.511672910010503,250,101.29422197033696
P0527,Calça,Algodão,Linha 2,M,Azul,1.5655309141201972,19.896214242763023,274,175.02049785710142
P0528,Calça,Poliéster,Linha 3,M,Vermelho,1.6089808487080608,19.463616389104203,191,118.708684539884
P0529,Camisa,Seda,Linha 2,M,Branco,1.9744203193320515,28.830316265881702,174,88.12713194668925
P0530,Saia,Poliéster,Linha 2,P,Branco,2.285554826959856,21.024288378330507,161,70.44241428859316
P0531,Blusa,Poliéster,Linha 1,G,Verde,1.5765142366902494,15.901530426561967,133,84.36333583591455
P0532,Saia,Linho,Linha 1,M,Branco,2.9532352746300186,25.085027733499928,192,65.01344530501511
P0533,Saia,Linho,Linha 2,G,Preto,1.7544035649152774,35.37427880704393,145,82.64917086337672
P0534,Vestido,Algodão,Linha 3,G,Azul,3.504600421132015,27.10268716368295,82,23.397817196379076
P0535,Blusa,Poliéster,Linha 3,G,Preto,1.151796444956743,14.023274942437714,194,168.43253931668966
P0536,Saia,Algodão,Linha 1,M,Branco,2.7390673436299595,23.061699971362003,201,73.38264262375674
P0537,Blusa,Algodão,Linha 3,M,Branco,0.7709863119669548,16.409794371234504,207,268.4872568903301
P0538,Camisa,Linho,Linha 1,P,Branco,1.9215292655964196,24.965154222306047,239,124.38009885101454
P0539,Vestido,Algodão,Linha 3,M,Azul,2.0469292710272,25.47982189290351,190,92.82196639098004
P0540,Camisa,Poliéster,Linha 2,P,Preto,0.9893307604713972,14.40582196013011,239,241.5774476537261
P0541,Saia,Linho,Linha 1,M,Branco,2.512384468213561,28.20851745590501,96,38.21071225944216
P0542,Blusa,Algodão,Linha 1,P,Azul,1.09063271234811,22.182720667412028,161,147.62073260517766
P0543,Camisa,Linho,Linha 2,P,Vermelho,1.41231706514967,28.03170511632731,193,136.65486650446078
P0544,Blusa,Algodão,Linha 1,P,Branco,1.1668602516041426,17.227303059112703,243,208.2511591820318
P0545,Blusa,Viscose,Linha 3,P,Preto,1.6135549056346727,17.03916854913043,258,159.89539562554813
P0546,Calça,Poliéster,Linha 3,G,Azul,1.4566625047372217,17.08814275942919,273,187.41472311683376
P0547,Camisa,Seda,Linha 1,G,Branco,0.5876869808553156,25.816925327233022,92,156.54592154841313
P0548,Blusa,Linho,Linha 3,M,Preto,0.9498940962095994,27.984535050511905,57,60.00668940616579
P0549,Vestido,Algodão,Linha 1,P,Azul,2.685771662171076,32.48673994002508,293,109.09341405559024
P0550,Blusa,Linho,Linha 2,P,Vermelho,0.7520300782890179,21.903817862970342,52,69.14617048071781
P0551,Vestido,Viscose,Linha 1,P,Vermelho,2.386993224140972,25.56059661281303,174,72.89505401198568
P0552,Saia,Linho,Linha 2,P,Azul,1.799966036587137,25.26966029827817,61,33.889528335579215
P0553,Vestido,Seda,Linha 3,G,Azul,1.6434796092206838,47.30771874767479,133,80.92585953230466
P0554,Vestido,Seda,Linha 2,P,Preto,2.9582681204605112,38.184694641875154,65,21.97231533897661
P0555,Saia,Algodão,Linha 3,M,Azul,2.7686868559425752,28.66496801879921,127,45.87012060515741
P0556,Calça,Algodão,Linha 1,P,Preto,1.3034858259061048,26.69454791700348,257,197.16363223309244
P0557,Camisa,Linho,Linha 3,P,Branco,1.396712020102271,23.90238549583995,108,77.32445804546879
P0558,Camisa,Poliéster,Linha 1,M,Azul,1.4971088073662693,15.471383593676126,294,196.3785120716831
P0559,Blusa,Seda,Linha 1,M,Azul,1.1290020206289326,34.93610179459691,226,200.176789651893
P0560,Blusa,Viscose,Linha 2,P,Preto,1.551646381046405,18.389514818849943,112,72.18139478691597
P0561,Blusa,Poliéster,Linha 2,P,Verde,1.116097315236518,13.046990918387731,239,214.13903316249107
P0562,Camisa,Algodão,Linha 2,M,Branco,1.2569559319661523,19.029626844649275,284,225.94268643592164
P0563,Camisa,Seda,Linha 2,P,Preto,0.5110295668316405,34.11773838035695,98,191.76972598199248
P0564,Camisa,Algodão,Linha 3,P,Branco,1.5375801712020332,21.153704127916946,100,65.03725911203905
P0565,Calça,Seda,Linha 3,GG,Vermelho,2.3226853578894486,38.170431134406726,295,127.0081627707238
P0566,Vestido,Poliéster,Linha 3,M,Azul,1.5960021933158617,25.8013933711964,82,51.37837550814165
P0567,Calça,Linho,Linha 1,M,Preto,1.7365002147902662,34.72767668955005,79,45.49380375950117
P0568,Calça,Algodão,Linha 3,M,Azul,2.9580636815833348,28.03000868908259,236,79.78192000034242
P0569,Saia,Linho,Linha 3,M,Preto,1.8414731251372336,25.13819031903787,125,67.88043675124747
P0570,Calça,Poliéster,Linha 3,M,Vermelho,2.0038908102636834,18.317707214134327,64,31.937867907871944
P0571,Vestido,Linho,Linha 2,M,Preto,3.774825395399296,41.107642818274776,131,34.703591895842635
P0572,Blusa,Algodão,Linha 3,G,Preto,1.5758928137986346,22.05541476101611,141,89.4730902796139
P0573,Calça,Linho,Linha 1,P,Verde,2.164140262248447,31.280594423640046,72,33.26956263231993
P0574,Blusa,Seda,Linha 2,M,Branco,1.6967070220116087,26.00144802220409,255,150.29112079566517
P0575,Saia,Algodão,Linha 1,M,Branco,2.7287325329119465,26.855237317839972,143,52.40528277331696
P0576,Saia,Algodão,Linha 3,G,Azul,1.9137761434745335,26.11306880174348,274,143.17243996079006
P0577,Camisa,Algodão,Linha 2,M,Verde,1.212662547397753,16.68908617239229,94,77.51538150635076
P0578,Saia,Linho,Linha 1,M,Preto,1.7721018713036716,29.565717896092515,111,62.63748252708592
P0579,Vestido,Linho,Linha 3,P,Branco,3.916765350046152,32.60966099282706,256,65.36005533162296
P0580,Calça,Poliéster,Linha 1,M,Preto,2.394332508580701,16.829834729133395,248,103.57792792405768
P0581,Vestido,Algodão,Linha 1,P,Preto,1.708057665520181,24.216973106468224,64,37.46946095084507
P0582,Saia,Poliéster,Linha 1,M,Branco,2.725919246626037,17.28237505255746,293,107.48667641664588
P0583,Vestido,Linho,Linha 3,P,Azul,2.7013998520906704,38.24815381734316,283,104.76050029431237
P0584,Calça,Poliéster,Linha 3,M,Verde,1.137507812844975,18.860994668355023,95,83.51590989287303
P0585,Blusa,Viscose,Linha 1,P,Preto,1.3245758827449663,19.17713048492671,113,85.31032572163855
P0586,Camisa,Algodão,Linha 2,M,Preto,1.125746418463553,22.69033050481968,279,247.83556529612252
P0587,Camisa,Linho,Linha 2,G,Preto,1.8166241072939373,22.154629072757302,223,122.7551693851422
P0588,Camisa,Poliéster,Linha 3,P,Branco,0.8059919054140811,12.722890934630808,233,289.0847891087634
P0589,Camisa,Poliéster,Linha 3,M,Vermelho,1.7396969142382743,17.109223031387554,298,171.29420507737072
P0590,Camisa,Linho,Linha 3,M,Preto,1.3365330367781791,21.5661281489265,295,220.7203203230362
P0591,Camisa,Linho,Linha 3,P,Preto,0.5819154548202036,29.747600813361952,221,379.7802553092238
P0592,Blusa,Viscose,Linha 3,G,Azul,1.957767951988227,20.466275251670183,124,63.33743479357235
P0593,Camisa,Algodão,Linha 2,P,Preto,1.2689228661547998,20.007012847116798,206,162.3424129980722
P0594,Calça,Algodão,Linha 3,M,Azul,1.581753708463165,28.62164567925144,272,171.9610319512231
P0595,Saia,Linho,Linha 1,M,Branco,1.938813683978516,25.168520749296047,239,123.2712570449592
P0596,Vestido,Linho,Linha 1,M,Vermelho,3.6446444587937226,34.54598641762652,266,72.98379938218685
P0597,Blusa,Algodão,Linha 2,M,Verde,0.9573546865775951,21.10579532032489,101,105.49903960992808
P0598,Camisa,Algodão,Linha 1,P,Azul,0.7890145947300504,18.80005494778543,231,292.7702498063844
P0599,Camisa,Algodão,Linha 2,P,Verde,0.6936068703963222,23.426980415846334,137,197.51822804425095
P0600,Camisa,Seda,Linha 2,G,Branco,0.9467890975853168,24.78751305813381,106,111.95735171680953
P0601,Camisa,Algodão,Linha 1,M,Preto,1.6700721305600652,20.39529465648772,132,79.03850234045477
P0602,Calça,Poliéster,Linha 3,G,Azul,1.9432527303905236,18.654237125244823,115,59.17912693573788
P0603,Camisa,Algodão,Linha 1,G,Azul,0.8412224055403099,21.221824990217797,199,236.5605084807317
P0604,Camisa,Poliéster,Linha 1,G,Preto,0.7492774994146238,13.533997339990886,69,92.0887121979594
P0605,Camisa,Algodão,Linha 2,M,Preto,0.9990942147655686,18.916531420158915,82,82.07434172686187
P0606,Vestido,Poliéster,Linha 1,M,Branco,3.849810932214272,25.5931247669848,121,31.430114914865488
P0607,Camisa,Algodão,Linha 2,G,Preto,1.0145400688850366,17.559542151761278,74,72.93945529556544
P0608,Calça,Seda,Linha 3,M,Branco,2.976248151909271,40.70689699929641,95,31.919381432982075
P0609,Vestido,Algodão,Linha 3,P,Azul,2.71307613941339,30.75186507483291,122,44.9674073748547
P0610,Blusa,Poliéster,Linha 3,G,Branco,0.7687458774352263,16.573125067164494,147,191.22053765080005
P0611,Camisa,Seda,Linha 1,G,Branco,1.836710137690264,32.563288395161656,106,57.71188268895777
P0612,Blusa,Linho,Linha 2,M,Azul,1.1905330597022403,22.07511495384879,136,114.23454299875928
P0613,Blusa,Poliéster,Linha 3,P,Azul,1.5645070152567866,15.412876418603236,182,116.33057456768762
P0614,Camisa,Poliéster,Linha 2,M,Vermelho,1.975567374813728,17.206338916830553,104,52.643104621934725
P0615,Saia,Poliéster,Linha 2,G,Azul,1.100350700639948,17.511236904973888,110,99.96812828494188
P0616,Saia,Linho,Linha 3,GG,Preto,1.1933891195751345,35.5990892426798,138,115.63705227103982
P0617,Camisa,Viscose,Linha 3,P,Vermelho,1.5806851121941343,17.65594872073237,57,36.060313063162106
P0618,Calça,Linho,Linha 2,P,Preto,1.563650006590944,25.71342764001461,65,41.56940474276109
P0619,Blusa,Linho,Linha 3,G,Branco,0.7764520954251486,23.89434680077673,295,379.9332911046777
P0620,Blusa,Linho,Linha 2,M,Azul,0.5590428197295942,29.51702406390537,225,402.4736425535904
P0621,Camisa,Poliéster,Linha 2,M,Verde,0.5327700679793027,13.918325096039126,286,536.816944474273
P0622,Camisa,Algodão,Linha 3,GG,Preto,1.6617284046796863,22.944785278936504,165,99.29420447729862
P0623,Calça,Linho,Linha 1,P,Branco,1.2688668547391,34.57500818018267,110,86.69152290420402
P0624,Vestido,Viscose,Linha 3,M,Branco,2.669301539927877,25.38201446278518,64,23.97630954865041
P0625,Blusa,Algodão,Linha 1,P,Branco,1.4088452227692243,16.66606126440506,242,171.77188529221476
P0626,Calça,Linho,Linha 2,M,Preto,1.8567036011376925,32.69469490990582,199,107.17919644151227
P0627,Vestido,Algodão,Linha 2,G,Azul,1.5677666308405829,27.738147588167838,180,114.81300625941388
P0628,Blusa,Poliéster,Linha 1,M,Branco,1.6752522538818633,16.697541685545435,151,90.1356793582015
P0629,Camisa,Algodão,Linha 2,GG,Verde,0.5157698368124802,19.541238786083465,103,199.70148048314036
P0630,Calça,Poliéster,Linha 1,M,Vermelho,2.523779788754968,17.893920544866877,63,24.96255825516345
P0631,Blusa,Seda,Linha 1,M,Azul,1.839956740682184,33.33491288098244,85,46.1967382822736
P0632,Saia,Poliéster,Linha 2,P,Vermelho,1.8656798421143448,17.15301598364372,259,138.82338981938054
P0633,Vestido,Linho,Linha 1,M,Branco,2.838856182744496,36.64691017984372,288,101.44930967287424
P0634,Vestido,Seda,Linha 3,M,Preto,2.6924584815441346,42.7714284378532,154,57.19679655438195
P0635,Camisa,Viscose,Linha 3,P,Azul,1.0838129279351585,17.044851709996415,131,120.86956763800237
P0636,Calça,Algodão,Linha 2,M,Vermelho,2.7748490707407205,24.24908713825401,116,41.804075480413374
P0637,Vestido,Poliéster,Linha 2,M,Vermelho,3.734833776674976,25.27919500051036,59,15.797222454308566
P0638,Camisa,Algodão,Linha 1,G,Branco,1.0037245469623015,18.894146495380525,98,97.6363488335418
P0639,Calça,Viscose,Linha 1,M,Verde,2.230139508029396,21.809560785446045,280,125.5526835840932
P0640,Calça,Viscose,Linha 1,G,Branco,2.853815124291728,23.07508409182407,160,56.06529961877243
P0641,Camisa,Poliéster,Linha 1,P,Vermelho,1.9430877484120272,13.61663667782193,114,58.66950686769837
P0642,Calça,Seda,Linha 3,P,Verde,2.017918080844095,32.79632839059445,268,132.81014851103154
P0643,Camisa,Poliéster,Linha 3,M,Branco,1.17923720792649,17.600478762140728,106,89.88861552832525
P0644,Calça,Linho,Linha 2,M,Azul,1.5573886318570516,32.68241487997306,76,48.79963706257221
P0645,Camisa,Algodão,Linha 1,P,Branco,1.938307809785615,20.61749340978647,252,130.01031039949854
P0646,Saia,Seda,Linha 1,G,Preto,1.2856286089457347,38.12716878365681,162,126.00839688286516
P0647,Vestido,Algodão,Linha 2,G,Preto,2.9495739401193126,24.35159331724102,182,61.70382695767849
P0648,Blusa,Seda,Linha 1,M,Azul,0.9238254012779584,31.41723558674036,120,129.8946747231674
P0649,Blusa,Seda,Linha 1,P,Verde,0.9185124355216948,30.114106478690424,132,143.7106291598838
P0650,Vestido,Linho,Linha 1,G,Azul,2.512421468440471,38.18624519669153,106,42.19037344311387
P0651,Camisa,Algodão,Linha 1,M,Preto,1.9981894037234815,18.875390614646538,169,84.57656700865329
P0652,Vestido,Poliéster,Linha 1,G,Vermelho,1.6374157670995553,18.73326507941648,142,86.72201822725356
P0653,Vestido,Algodão,Linha 2,G,Verde,2.9463545455088287,26.320070803344628,64,21.72175785753827
P0654,Blusa,Poliéster,Linha 1,G,Branco,0.6238582370529158,17.70446827927603,276,442.4082004652439
P0655,Calça,Algodão,Linha 2,M,Verde,1.309041659981038,23.12351579780097,160,122.22682049883552
P0656,Camisa,Viscose,Linha 1,P,Branco,1.159344412659348,17.76011872198222,150,129.38346738215984
P0657,Calça,Linho,Linha 3,M,Vermelho,2.020920262692883,24.632517478241265,168,83.1304446302792
P0658,Calça,Poliéster,Linha 3,M,Branco,1.517584816729048,14.67047685271666,125,82.36771916934492
P0659,Blusa,Poliéster,Linha 3,G,Branco,0.9746856963116244,16.303088682280546,207,212.376154470434
P0660,Vestido,Poliéster,Linha 3,P,Preto,1.7174175506398326,22.842851977090003,69,40.17660118489746
P0661,Calça,Linho,Linha 2,P,Azul,1.606439567688501,30.1044718105952,214,133.21385024643266
P0662,Saia,Poliéster,Linha 2,G,Preto,2.933116878761088,16.150496619043214,180,61.3681648022256
P0663,Blusa,Viscose,Linha 1,G,Branco,1.9170610725087225,19.76220526773544,122,63.639078456873165
P0664,Camisa,Poliéster,Linha 3,GG,Azul,1.0023174352054776,13.00941947465095,171,170.60463481306655
P0665,Camisa,Viscose,Linha 2,G,Verde,1.3562809044181423,15.767530154359344,90,66.3579349283922
P0666,Camisa,Seda,Linha 1,M,Preto,1.8643930866664165,29.528546056179305,216,115.85539634574252
P0667,Camisa,Algodão,Linha 1,M,Branco,0.509275733961345,18.290238896895527,203,398.6052868079674
P0668,Camisa,Viscose,Linha 2,G,Preto,1.7160253555063878,16.181733464878654,179,104.31081302244412
P0669,Camisa,Algodão,Linha 3,M,Branco,1.9225543291833784,21.16190115642665,72,37.45017704159373
P0670,Calça,Seda,Linha 1,M,Vermelho,1.182651468667114,38.17399313114704,72,60.88015100606631
P0671,Camisa,Poliéster,Linha 3,P,Vermelho,0.7421715290493816,16.947102418799574,262,353.0181228261148
P0672,Saia,Seda,Linha 3,M,Azul,2.921492605542711,34.81500336441085,193,66.06212168185425
P0673,Camisa,Seda,Linha 3,G,Preto,1.3063102154605195,24.877021092313804,58,44.399867132289856
P0674,Vestido,Seda,Linha 1,P,Vermelho,1.5354915861793093,40.92599492858624,62,40.37794837695702
P0675,Calça,Seda,Linha 3,P,Azul,1.5152639975270583,42.91207867003416,205,135.28995629445706
P0676,Saia,Poliéster,Linha 1,M,Vermelho,1.8998873485377192,18.693061741675454,204,107.37478732989726
P0677,Camisa,Algodão,Linha 3,P,Azul,1.5393633665371516,21.67789667840816,100,64.96192008580358
P0678,Calça,Poliéster,Linha 1,P,Vermelho,2.466320756273599,14.452976373302985,113,45.8172359424706
P0679,Saia,Algodão,Linha 3,M,Azul,2.9908430258509124,24.1747750289522,101,33.76974288754754
P0680,Saia,Linho,Linha 2,GG,Preto,1.575022398767518,24.45034389038164,258,163.80719423538957
P0681,Blusa,Poliéster,Linha 3,M,Verde,1.3073301528027128,15.415381272548688,87,66.54784165536572
P0682,Calça,Viscose,Linha 3,P,Preto,2.06664709571921,25.23546014085569,149,72.09745694300399
P0683,Camisa,Linho,Linha 1,P,Azul,1.108467889170856,29.68419130500408,242,218.3193598697912
P0684,Blusa,Seda,Linha 1,M,Branco,0.7537428407636303,30.486632104667088,195,258.70892491985995
P0685,Saia,Algodão,Linha 3,M,Azul,2.954913126367685,23.59876613042127,240,81.22066190657152
P0686,Vestido,Seda,Linha 2,G,Azul,3.633292966666465,53.01030769647289,100,27.5232415655569
P0687,Vestido,Viscose,Linha 2,M,Branco,2.745832570735593,28.874986185564303,186,67.73901729564365
P0688,Calça,Poliéster,Linha 1,G,Branco,2.20649084536806,14.867274812676548,190,86.10958001428125
P0689,Blusa,Linho,Linha 2,P,Azul,0.8408915803394934,24.657255776674976,217,258.0594277235961
P0690,Camisa,Seda,Linha 3,M,Vermelho,1.3156806055876205,26.882940221571648,104,79.04654029125149
P0691,Calça,Algodão,Linha 1,P,Preto,2.3899402662429514,23.710121485907344,158,66.11043892255104
P0692,Calça,Poliéster,Linha 3,GG,Branco,2.0303340567731776,17.679352118445806,256,126.0876254062656
P0693,Vestido,Poliéster,Linha 1,M,Azul,3.975712926462353,23.23930322533268,220,55.3359872981974
P0694,Camisa,Algodão,Linha 1,M,Branco,1.4170124843715892,18.854163922794008,93,65.63103785302445
P0695,Camisa,Poliéster,Linha 1,P,Preto,1.0564605688882536,12.985622696735568,159,150.50254092050085
P0696,Blusa,Algodão,Linha 1,P,Branco,1.6582280414237571,20.02975547671965,245,147.7480743780226
P0697,Calça,Algodão,Linha 2,M,Branco,1.340925023163284,27.16994768971931,210,156.60830872154463
P0698,Vestido,Algodão,Linha 3,P,Branco,2.461289534265666,31.968146736811228,201,81.66450846262141
P0699,Camisa,Viscose,Linha 3,M,Preto,1.0204384255663788,16.836248634661555,213,208.73380956991852
P0700,Vestido,Poliéster,Linha 3,P,Branco,2.579517737769443,26.419707204829717,292,113.19945419429364
P0701,Vestido,Viscose,Linha 1,M,Preto,3.454449564821816,31.451841769491168,177,51.238264354028814
P0702,Camisa,Poliéster,Linha 2,G,Preto,1.2262595482451113,13.256090396304591,154,125.58515872140444
P0703,Calça,Poliéster,Linha 3,G,Preto,2.588028900531925,14.683806612866611,59,22.79727246781269
P0704,Camisa,Poliéster,Linha 2,G,Preto,1.3647333547097988,16.447852250104575,149,109.17883664657982
P0705,Camisa,Poliéster,Linha 1,P,Vermelho,1.013104151986333,16.96566156809492,197,194.4518731008592
P0706,Saia,Algodão,Linha 3,P,Branco,2.619957487366945,28.49149983313301,282,107.63533429827127
P0707,Calça,Linho,Linha 2,M,Preto,1.4765793411061832,34.67803672905973,158,107.004070557857
P0708,Blusa,Algodão,Linha 1,M,Branco,0.8365744696996933,20.80427814565132,157,187.67008280369657
P0709,Calça,Linho,Linha 2,M,Branco,2.0090058481096715,30.360628070548568,252,125.43517493346955
P0710,Blusa,Linho,Linha 3,P,Azul,0.8912738689431334,20.278410512625864,189,212.05603191768083
P0711,Blusa,Algodão,Linha 3,P,Azul,0.5136305524268245,17.973251574758223,239,465.314999021694
P0712,Vestido,Algodão,Linha 1,P,Vermelho,3.1207438182470035,29.515377020795118,195,62.48510334614271
P0713,Vestido,Seda,Linha 1,G,Azul,2.777734553680995,47.31307020150422,143,51.48080107600614
P0714,Calça,Poliéster,Linha 1,P,Verde,1.8910356289863224,18.412213199892555,285,150.71106838572493
P0715,Calça,Algodão,Linha 2,M,Branco,2.9339370292366307,26.329305500944223,289,98.50245493346316
P0716,Saia,Viscose,Linha 2,P,Branco,2.142398367925828,19.69718628286403,278,129.7611145349905
P0717,Blusa,Algodão,Linha 2,M,Branco,1.7951473666840767,20.519620861219785,112,62.39042101979731
P0718,Saia,Linho,Linha 1,M,Branco,1.2789004724103203,25.057706920689505,133,103.99558282227962
P0719,Camisa,Viscose,Linha 3,G,Preto,1.3538096946941416,17.37839176979909,74,54.66056292108205
P0720,Blusa,Algodão,Linha 3,G,Azul,1.8019694400963544,22.001286663636808,61,33.85185044910541
P0721,Saia,Algodão,Linha 2,M,Branco,2.166211514559796,25.856648192918826,198,91.40381660293976
P0722,Camisa,Algodão,Linha 2,GG,Verde,1.5770212671905024,23.925141897377436,74,46.92390745740075
P0723,Camisa,Poliéster,Linha 3,GG,Vermelho,1.058065351718311,13.667346755926536,60,56.70727228952283
P0724,Blusa,Algodão,Linha 3,G,Branco,0.6386742755555999,19.98551439339183,113,176.92899859118057
P0725,Vestido,Linho,Linha 2,G,Branco,2.6447507378176787,34.94295620660995,250,94.52686653044968
P0726,Blusa,Algodão,Linha 2,P,Branco,1.0917190862582862,19.5248249124734,175,160.2976463476405
P0727,Camisa,Poliéster,Linha 3,M,Branco,1.800590273568421,17.14170077921633,99,54.98196977583422
P0728,Blusa,Viscose,Linha 1,P,Branco,0.8659929535287083,19.326305341357106,239,275.98376987495544
P0729,Camisa,Seda,Linha 2,P,Preto,1.9501013413026624,34.589294296170976,138,70.76555309059805
P0730,Camisa,Linho,Linha 3,GG,Branco,1.9372071797067445,22.035111083318863,148,76.39864313449651
P0731,Camisa,Poliéster,Linha 3,M,Preto,0.871447464607158,17.24016670704863,165,189.34015726855176
P0732,Blusa,Linho,Linha 3,G,Verde,1.0220779332159808,20.597622741783844,145,141.86785105882848
P0733,Blusa,Poliéster,Linha 3,G,Azul,1.843333611310828,17.331595682622915,226,122.60395981131562
P0734,Vestido,Poliéster,Linha 1,G,Verde,3.916555552240269,20.96166401514655,63,16.085562724615002
P0735,Calça,Algodão,Linha 3,GG,Branco,1.886878205672088,22.22004128077504,50,26.49879565607176
P0736,Saia,Seda,Linha 2,P,Preto,1.6419940912817956,36.17407550446076,258,157.12602217624092
P0737,Calça,Poliéster,Linha 1,P,Azul,2.0521880265030843,21.172969351607268,74,36.05907404405606
P0738,Blusa,Algodão,Linha 3,M,Branco,1.5316538095486023,16.382250917451245,236,154.08181570060677
P0739,Calça,Poliéster,Linha 1,P,Branco,1.5469490307499596,16.936063020509366,121,78.21847882172258
P0740,Calça,Poliéster,Linha 2,P,Azul,2.4729463492381454,20.567318318520016,118,47.71636070323682
P0741,Vestido,Seda,Linha 3,M,Azul,1.6291433927866026,43.1289805938384,182,111.71515092277684
P0742,Calça,Linho,Linha 2,G,Preto,1.0985889855288329,26.389882771164803,154,140.17981431505825
P0743,Blusa,Seda,Linha 3,M,Preto,1.0794315577183178,29.097530175976942,276,255.69013433644983
P0744,Vestido,Algodão,Linha 3,M,Preto,2.3836829801518014,28.62663001790003,196,82.2256993199314
P0745,Camisa,Poliéster,Linha 3,M,Branco,0.9734498230507284,17.49249720880022,72,73.96375066806904
P0746,Saia,Poliéster,Linha 3,P,Preto,1.98203952533782,19.8859275053503,58,29.262786770165164
P0747,Calça,Algodão,Linha 3,P,Branco,1.6414671646231425,24.04910933514246,167,101.73825197310045
P0748,Vestido,Algodão,Linha 1,G,Branco,1.9806447961702296,35.860446800658856,143,72.19871037780447
P0749,Saia,Seda,Linha 3,M,Verde,1.6189390981772018,35.499996450373295,227,140.21528064618624
P0750,Blusa,Algodão,Linha 3,G,Azul,1.9623564092153525,16.465902646562203,193,98.35114513024216
P0751,Camisa,Poliéster,Linha 1,P,Azul,1.1166701254922728,13.57364593088991,82,73.43260836663927
P0752,Saia,Algodão,Linha 1,G,Preto,1.8894255537166715,23.3862766101054,179,94.73778929680016
P0753,Blusa,Algodão,Linha 1,M,Preto,1.36481748492671,17.25522099316896,63,46.16001824110794
P0754,Calça,Algodão,Linha 1,M,Branco,2.966681536828453,28.29662521271081,287,96.74108812731512
P0755,Camisa,Viscose,Linha 1,M,Branco,0.8624019146536446,19.921312064287964,50,57.97760783042888
P0756,Blusa,Seda,Linha 1,G,Branco,1.5219231657986507,27.219446405133272,139,91.33181169961216
P0757,Blusa,Viscose,Linha 3,M,Vermelho,1.573977040312586,18.65379264132899,235,149.3033214470078
P0758,Vestido,Poliéster,Linha 3,M,Azul,3.018311041982665,24.493042413986142,138,45.72093401922908
P0759,Saia,Algodão,Linha 2,GG,Preto,1.1771566792732882,28.236277717505263,193,163.95438551064214
P0760,Blusa,Poliéster,Linha 3,G,Preto,1.5153084137413648,17.289812095052465,256,168.94250548502166
P0761,Camisa,Poliéster,Linha 3,M,Verde,0.5961420665542632,15.09115335682928,139,233.16589752410584
P0762,Calça,Seda,Linha 1,G,Branco,2.192285299099794,39.95499772501945,224,102.17648227262204
P0763,Camisa,Algodão,Linha 1,M,Branco,1.609371765832614,20.49715803062068,221,137.32066430633873
P0764,Blusa,Poliéster,Linha 3,P,Preto,0.8164548359299256,15.31622334027324,257,314.77552546710336
P0765,Camisa,Algodão,Linha 2,M,Vermelho,1.762433011314161,16.917935666705535,63,35.74603947813253
P0766,Vestido,Poliéster,Linha 1,GG,Verde,1.5758845138325106,19.13523892214537,270,171.33235185068665
P0767,Blusa,Linho,Linha 3,GG,Branco,1.7657192954874592,25.29533615022457,201,113.83462847899064
P0768,Saia,Poliéster,Linha 3,M,Vermelho,1.9206581012855304,16.335803123848844,160,83.30477969655776
P0769,Calça,Poliéster,Linha 2,M,Vermelho,1.435175879863289,14.551465697715374,232,161.6526610119031
P0770,Blusa,Poliéster,Linha 2,P,Branco,0.7006672174909521,16.337035223401273,192,274.0245229219381
P0771,Camisa,Poliéster,Linha 1,GG,Preto,1.9299607513735588,12.19491958014099,132,68.39517327285293
P0772,Blusa,Seda,Linha 2,GG,Preto,0.608998381371735,31.143322093248656,121,198.68689917936103
P0773,Camisa,Seda,Linha 3,M,Verde,0.7986401299038886,30.470325529527774,211,264.1990955618428
P0774,Calça,Viscose,Linha 3,G,Branco,1.695644694866092,25.65055892659223,179,105.56456817985442
P0775,Blusa,Seda,Linha 2,G,Vermelho,1.4303522734416807,29.8105576721717,76,53.1337639063771
P0776,Camisa,Poliéster,Linha 2,M,Preto,1.3172016279141476,12.381608618266783,123,93.37978134355669
P0777,Camisa,Linho,Linha 2,P,Azul,0.688465238618471,25.51687967806462,148,214.97091167157336
P0778,Blusa,Poliéster,Linha 2,M,Preto,0.934591975607322,17.046577023696607,264,282.47621089240147
P0779,Blusa,Algodão,Linha 1,M,Azul,0.8581276566290361,23.97479427425152,290,337.94505719487074
P0780,Blusa,Seda,Linha 2,M,Vermelho,0.820314281735512,29.16411808426887,121,147.50444152210085
P0781,Blusa,Algodão,Linha 1,M,Vermelho,1.1167165047199803,18.56238993997394,269,240.88477143753903
P0782,Vestido,Viscose,Linha 3,GG,Vermelho,3.2600786314791423,31.391855607081585,72,22.08535686985336
P0783,Calça,Poliéster,Linha 2,P,Branco,1.434905864434472,15.776943329348072,117,81.5384499429252
P0784,Calça,Linho,Linha 1,M,Azul,1.7333577594059628,31.38514698039512,191,110.19075488804884
P0785,Camisa,Linho,Linha 2,M,Branco,1.0863761402617431,24.05714424180948,240,220.91795935630196
P0786,Saia,Seda,Linha 3,M,Preto,2.9529130588708203,29.391586055359998,166,56.21567472205823
P0787,Vestido,Linho,Linha 3,M,Preto,3.886665892197672,35.20932711458546,155,39.87993933596309
P0788,Calça,Linho,Linha 3,P,Preto,2.600275165504152,27.182742270032094,142,54.60960512325951
P0789,Vestido,Algodão,Linha 2,P,Preto,2.104147302047963,32.23309384732184,114,54.178716427810926
P0790,Saia,Poliéster,Linha 2,M,Verde,1.1360746281833394,21.231291583381807,117,102.98619218976042
P0791,Camisa,Algodão,Linha 1,M,Branco,0.9753562065809372,18.1443774990291,177,181.4721624835553
P0792,Vestido,Linho,Linha 3,P,Azul,2.166986373584577,42.17198908727522,112,51.68468125377839
P0793,Vestido,Poliéster,Linha 2,G,Preto,2.7648145003659845,18.49823835244569,273,98.74080158501135
P0794,Blusa,Linho,Linha 3,M,Branco,1.6665918651016896,25.38121010039813,274,164.4073787575349
P0795,Camisa,Algodão,Linha 3,M,Branco,1.787484408318287,16.564400509679157,162,90.63016116174906
P0796,Saia,Algodão,Linha 1,G,Verde,2.689728170821017,28.166716714854136,139,51.67808461387063
P0797,Saia,Linho,Linha 1,P,Vermelho,1.7193511224461355,33.19621536668868,130,75.60991952303954
P0798,Vestido,Algodão,Linha 1,P,Verde,3.218085858651708,31.895398934455105,152,47.23304680990829
P0799,Blusa,Algodão,Linha 1,G,Verde,0.96925129628633,22.591171052997318,264,272.3751838264355
P0800,Saia,Algodão,Linha 3,M,Branco,1.1218110864703654,25.41619003747357,241,214.83118049606333
P0801,Blusa,Viscose,Linha 1,M,Preto,1.5523478984044137,21.376399659654894,209,134.6347685430704
P0802,Camisa,Linho,Linha 1,G,Azul,0.5147413288546818,27.139579478647715,165,320.54935314234626
P0803,Vestido,Poliéster,Linha 1,G,Preto,2.522956468646221,26.32192748624022,256,101.4682588389508
P0804,Blusa,Algodão,Linha 1,GG,Preto,0.9940689039531136,20.137055136085102,62,62.3699219978058
P0805,Calça,Poliéster,Linha 3,M,Preto,2.386755077037705,15.242863773469413,243,101.8118709949899
P0806,Blusa,Seda,Linha 1,M,Azul,1.6493682091405684,30.338132657076205,173,104.88864708393078
P0807,Saia,Linho,Linha 3,M,Azul,1.6081892719425677,25.52247393675712,196,121.87620165084626
P0808,Saia,Algodão,Linha 2,P,Branco,2.623254028889707,24.887937400093488,201,76.62239256526495
P0809,Vestido,Algodão,Linha 3,M,Preto,2.2347919012623345,29.789916726331956,286,127.97612155228023
P0810,Camisa,Algodão,Linha 3,P,Azul,1.1694895399798415,20.980603182662254,137,117.14512641332512
P0811,Saia,Linho,Linha 1,GG,Azul,2.454037054028268,24.120563772657977,60,24.44950857669848
P0812,Blusa,Seda,Linha 2,M,Branco,1.539380343837183,26.338085899864367,236,153.30844059742083
P0813,Camisa,Algodão,Linha 2,M,Azul,1.9810527084683,19.930643455297048,263,132.75769941696552
P0814,Saia,Algodão,Linha 2,M,Branco,1.4503220484318635,28.324834191255693,64,44.12813007235112
P0815,Saia,Algodão,Linha 2,P,Preto,2.324635827079165,22.88264678740952,59,25.380319494658966
P0816,Vestido,Viscose,Linha 3,P,Vermelho,3.0242047706894435,26.18321788137925,90,29.75988956577244
P0817,Vestido,Algodão,Linha 2,M,Azul,3.7877461362250746,32.57635306807946,204,53.85788610514154
P0818,Calça,Seda,Linha 3,P,Branco,1.31272428328975,37.4946157049201,237,180.5405773450512
P0819,Camisa,Linho,Linha 3,M,Azul,1.6276972453803995,22.98926150098333,122,74.95251364849985
P0820,Calça,Poliéster,Linha 3,G,Azul,2.1365372325375365,17.357878048085478,101,47.27275446543174
P0821,Blusa,Algodão,Linha 2,G,Vermelho,0.911998804681858,17.74159839085786,177,194.0792017394636
P0822,Camisa,Algodão,Linha 1,M,Azul,1.2116523712207612,23.72817167304167,77,63.54958058013054
P0823,Calça,Linho,Linha 1,P,Azul,1.6675531941395956,25.567612578688315,114,68.36363625498637
P0824,Calça,Seda,Linha 2,G,Preto,2.158626805576921,34.15444969775644,66,30.57499324546775
P0825,Vestido,Linho,Linha 1,G,Branco,3.722501527036665,30.387584583300168,144,38.68366445362688
P0826,Saia,Poliéster,Linha 1,P,Branco,2.138609968824404,15.996812341921531,221,103.33815105214528
P0827,Calça,Algodão,Linha 3,G,Preto,2.263444836653168,26.692522928449485,187,82.61743205392479
P0828,Calça,Viscose,Linha 3,P,Azul,2.0374956942294187,19.01815400697592,112,54.96944131818567
P0829,Blusa,Seda,Linha 2,G,Preto,0.5767482596682139,24.96076083034759,278,482.0127245116009
P0830,Vestido,Algodão,Linha 2,GG,Branco,2.082146392190236,29.69343815813428,270,129.67387932602742
P0831,Camisa,Viscose,Linha 1,P,Branco,1.238002594148124,14.471778490088534,259,209.20796226458572
P0832,Vestido,Linho,Linha 3,G,Preto,2.2755882093617616,31.271492316395,224,98.436087460141
P0833,Camisa,Linho,Linha 2,M,Branco,0.7726453966417913,28.07625869562975,87,112.60016610224412
P0834,Camisa,Linho,Linha 2,GG,Azul,1.2561992628776577,27.714733448596064,280,222.89457435167236
P0835,Vestido,Seda,Linha 2,M,Branco,2.307024483619626,52.47249876728813,290,125.70304392478836
P0836,Calça,Linho,Linha 2,G,Azul,1.5162152863468294,34.254185230929,119,78.48489661828876
P0837,Saia,Algodão,Linha 2,P,Verde,1.9279708348807616,25.758485407102253,153,79.35804693304011
P0838,Calça,Poliéster,Linha 2,M,Branco,1.2665685161643463,14.776796572564772,253,199.75232036098663
P0839,Vestido,Viscose,Linha 1,P,Preto,3.8193643326885183,30.054765074255897,102,26.70601469648233
P0840,Blusa,Algodão,Linha 3,GG,Branco,1.8015531468788584,22.764086486724484,255,141.54453363853324
P0841,Camisa,Poliéster,Linha 3,G,Azul,1.5614308786108029,16.79449287463173,221,141.53684484363637
P0842,Blusa,Poliéster,Linha 2,G,Azul,0.6593207413826843,15.050874211848155,168,254.80769746099813
P0843,Camisa,Poliéster,Linha 3,GG,Preto,1.6638158817045396,13.39741103189689,123,73.9264490455455
P0844,Saia,Linho,Linha 3,P,Preto,2.615914656218038,34.143959708264724,103,39.3743732255059
P0845,Camisa,Viscose,Linha 3,M,Vermelho,1.6516469265715066,19.635572230129,69,41.776483151414446
P0846,Calça,Algodão,Linha 2,P,Branco,1.2279317742384823,28.615307274132974,128,104.24031911657376
P0847,Camisa,Algodão,Linha 2,P,Branco,1.4658619356016471,17.245540782047463,80,54.5753989901954
P0848,Saia,Algodão,Linha 3,P,Vermelho,2.668649591498797,21.366379997299727,184,68.94872994421867
P0849,Vestido,Seda,Linha 3,M,Azul,2.9433835030491693,39.81236669786705,107,36.35272124381834
P0850,Vestido,Linho,Linha 2,P,Vermelho,3.1160184380702223,41.88809651432005,154,49.422043887318445
P0851,Camisa,Algodão,Linha 1,P,Azul,1.187545219139459,17.495258371600947,59,49.68231865962431
P0852,Blusa,Seda,Linha 3,P,Vermelho,1.293060979826079,24.79991795787967,59,45.628165199088826
P0853,Camisa,Seda,Linha 1,P,Preto,0.5515652875275878,35.98272967902754,289,523.9633576207332
P0854,Saia,Seda,Linha 3,GG,Azul,2.277926043946569,29.157367844810143,88,38.63163171335344
P0855,Camisa,Viscose,Linha 1,G,Verde,0.6221708193367388,20.41375723314383,205,329.4915055941372
P0856,Camisa,Algodão,Linha 1,GG,Azul,1.152521891510335,18.922934732405224,207,179.60613288545397
P0857,Camisa,Seda,Linha 1,M,Branco,0.9389826465011116,34.09938551709378,86,91.58848709340675
P0858,Vestido,Poliéster,Linha 2,P,Branco,2.863569875529283,22.991584420900303,168,58.668028825016194
P0859,Vestido,Seda,Linha 1,G,Branco,1.8335408388080177,52.22936213075448,116,63.26556657195126
P0860,Camisa,Linho,Linha 1,M,Branco,1.5374651029599773,29.261929864146268,291,189.27258865242368
P0861,Blusa,Seda,Linha 1,P,Preto,1.6925173053927056,24.109178175369312,92,54.356903593758965
P0862,Vestido,Linho,Linha 3,P,Azul,1.9083861243578912,31.131182639891826,256,134.14476071300064
P0863,Vestido,Algodão,Linha 1,P,Azul,1.7607827183797051,27.004304754850267,262,148.7974622110647
P0864,Calça,Poliéster,Linha 3,P,Preto,1.2910309655747183,19.21907099781721,101,78.23205073554422
P0865,Calça,Viscose,Linha 1,M,Azul,2.7542551237970034,24.95467177785941,150,54.46118578630824
P0866,Vestido,Viscose,Linha 1,M,Branco,2.8204731543908905,26.5673730739748,105,37.22779627827225
P0867,Camisa,Algodão,Linha 2,P,Branco,1.2008914940112538,20.85578493019412,125,104.08933748249916
P0868,Camisa,Algodão,Linha 3,P,Branco,0.6600677286535315,17.50799882236449,117,177.25453755884666
P0869,Saia,Algodão,Linha 1,G,Preto,2.299112013513924,26.92768160526418,288,125.26575404206852
P0870,Saia,Linho,Linha 3,P,Branco,2.73599918379018,35.60793733624164,186,67.98247642103978
P0871,Calça,Seda,Linha 3,M,Branco,2.656371738646906,32.6678246339702,280,105.40693379859006
P0872,Calça,Algodão,Linha 2,G,Preto,2.2521094179616026,23.950329135365244,155,68.82436473281632
P0873,Blusa,Poliéster,Linha 2,P,Vermelho,0.6129180749775105,12.516696663038244,174,283.8878589220664
P0874,Calça,Seda,Linha 2,P,Branco,1.224794054352026,36.85156785306674,141,115.12139489817794
P0875,Camisa,Linho,Linha 2,M,Azul,0.573963480664737,25.027834418466806,72,125.44352110453622
P0876,Camisa,Poliéster,Linha 2,M,Azul,0.886218824738704,12.866618904930466,240,270.8134755214238
P0877,Blusa,Linho,Linha 2,M,Vermelho,0.7034922007405666,24.420662131180748,158,224.5938189985238
P0878,Blusa,Poliéster,Linha 2,G,Verde,0.8900720603786508,14.004627912519378,110,123.5854993057576
P0879,Camisa,Algodão,Linha 2,P,Branco,1.0775870835784425,20.174647002441517,217,201.37583616851472
P0880,Camisa,Linho,Linha 1,M,Branco,1.9144741761067037,25.856543354287997,93,48.577307106396105
P0881,Camisa,Linho,Linha 3,M,Vermelho,1.415564089672538,20.084955786072094,263,185.7916585471165
P0882,Blusa,Seda,Linha 2,P,Preto,1.7524606785244434,33.132071795394666,201,114.69586876507852
P0883,Camisa,Linho,Linha 2,M,Azul,1.5655272510684983,27.13014291861741,228,145.63783533272016
P0884,Camisa,Seda,Linha 3,P,Azul,0.6687546957899476,28.395436634478266,235,351.3994017229485
P0885,Blusa,Algodão,Linha 1,M,Azul,1.6038806095609233,16.423487484550545,267,166.47124381227707
P0886,Camisa,Poliéster,Linha 3,P,Verde,0.9126483223386866,16.5295952387103,271,296.93803556835013
P0887,Blusa,Algodão,Linha 3,M,Verde,1.4586617704920597,23.64140128382506,210,143.9675764787881
P0888,Camisa,Algodão,Linha 2,M,Azul,1.0114429604644828,17.92121276817611,65,64.26462246585827
P0889,Camisa,Linho,Linha 3,G,Branco,1.9965083948969888,23.23524613737038,71,35.562084377643345
P0890,Camisa,Viscose,Linha 3,P,Vermelho,0.8953272192451667,15.723452804269067,290,323.90392447187463
P0891,Blusa,Algodão,Linha 2,M,Branco,0.9186957061614044,20.61548898675872,106,115.38096813677387
P0892,Saia,Poliéster,Linha 2,M,Branco,2.8613445111247966,15.514858041461672,111,38.792951903706914
P0893,Blusa,Seda,Linha 2,G,Vermelho,0.5369666069544841,28.274327321536557,291,541.9331411509294
P0894,Calça,Algodão,Linha 2,M,Branco,2.393377975746394,25.89132493376892,156,65.17984270802448
P0895,Blusa,Linho,Linha 3,M,Branco,1.5879895861038171,25.601159830093483,259,163.0993063597254
P0896,Camisa,Linho,Linha 3,G,Branco,1.754567866115599,23.864625643279357,120,68.39290877112977
P0897,Calça,Linho,Linha 1,G,Vermelho,2.9488786212769504,29.0429952216905,291,98.68157946561684
P0898,Saia,Algodão,Linha 1,M,Preto,2.951203838313305,24.596264473183,139,47.09942369803991
P0899,Camisa,Poliéster,Linha 3,M,Azul,0.5979151363496958,12.035188367322968,121,202.36985592756776
P0900,Camisa,Seda,Linha 1,G,Branco,1.7327589841293538,24.94211842144332,119,68.67660251076005
P0901,Camisa,Linho,Linha 3,GG,Vermelho,1.469464900486072,28.81258067763012,79,53.76106634045376
P0902,Camisa,Algodão,Linha 1,G,Vermelho,1.4710132015596369,16.623031912730326,152,103.33013995988787
P0903,Camisa,Seda,Linha 2,M,Preto,0.6925248899220422,32.48164315452606,200,288.798284235696
P0904,Vestido,Algodão,Linha 1,P,Preto,3.125467916114133,35.04045796930863,81,25.9161194976228
P0905,Calça,Linho,Linha 2,M,Branco,2.964965161202496,27.24820325162077,135,45.531732300439
P0906,Saia,Algodão,Linha 2,G,Verde,2.823637139078894,22.756717795771337,283,100.22534272669265
P0907,Blusa,Viscose,Linha 2,M,Azul,1.1586959912072758,18.49623412208196,284,245.1031177764695
P0908,Calça,Poliéster,Linha 2,M,Verde,1.079895946572189,20.74830458139781,106,98.15760521785988
P0909,Calça,Poliéster,Linha 1,G,Preto,1.7245869800004097,21.181720228275022,158,91.6161387232336
P0910,Calça,Algodão,Linha 3,M,Vermelho,2.65278062320111,26.29980718186817,58,21.86385089393913
P0911,Vestido,Poliéster,Linha 2,G,Vermelho,3.253747753662915,18.779577847692245,80,24.587031957206825
P0912,Calça,Seda,Linha 1,M,Azul,1.9186873111879128,38.43581983970185,120,62.5427599902689
P0913,Blusa,Viscose,Linha 2,M,Verde,0.5826523027382466,17.354186797483166,186,319.2298376336453
P0914,Calça,Poliéster,Linha 1,M,Preto,1.8537894556466048,17.789047196335645,62,33.44500628760685
P0915,Vestido,Poliéster,Linha 1,G,Branco,2.672562349294709,18.442335513106592,235,87.93059591744105
P0916,Calça,Linho,Linha 1,P,Azul,2.857111065788272,26.292745672156297,180,63.00070100716869
P0917,Calça,Seda,Linha 3,P,Azul,2.2821722071643187,40.18339594848453,84,36.80703837173314
P0918,Saia,Linho,Linha 1,GG,Azul,1.6233058333092978,29.447505996574314,274,168.79136043108963
P0919,Blusa,Poliéster,Linha 1,P,Branco,1.287977396676082,13.809973449786892,70,54.34877986263647
P0920,Camisa,Poliéster,Linha 3,M,Preto,0.59908296173324,14.30411444378975,113,188.6216220756361
P0921,Saia,Linho,Linha 3,M,Preto,2.945136471299474,34.25279415990816,144,48.89416887919741
P0922,Vestido,Algodão,Linha 1,M,Preto,2.400149754826815,32.987988208859484,229,95.41071324381744
P0923,Saia,Linho,Linha 3,M,Azul,1.955734709826272,27.26778476617299,83,42.439293828033
P0924,Blusa,Poliéster,Linha 2,P,Azul,1.0329259613553838,12.70501104127424,273,264.29774273634786
P0925,Calça,Seda,Linha 2,M,Branco,2.3650234602324005,32.42877439167463,170,71.88089372411335
P0926,Camisa,Algodão,Linha 3,M,Preto,1.4933482374943896,23.36605160843787,212,141.96286885884277
P0927,Calça,Linho,Linha 3,M,Branco,2.4306446210582715,30.979066054197062,64,26.330463715479404
P0928,Vestido,Poliéster,Linha 1,P,Branco,2.170358074029802,22.80132187870305,169,77.86733535918802
P0929,Blusa,Linho,Linha 3,M,Vermelho,0.973502721746099,25.96393599692461,145,148.9466816691836
P0930,Calça,Algodão,Linha 1,P,Verde,1.250502462192416,22.71387135116655,55,43.98232043747636
P0931,Camisa,Linho,Linha 2,P,Preto,1.483264957769169,28.071070203195127,158,106.52176414767598
P0932,Blusa,Linho,Linha 3,P,Vermelho,0.5596956910034788,25.2328624930025,262,468.1115188331359
P0933,Saia,Linho,Linha 1,P,Vermelho,2.195364671046918,25.400974833225547,146,66.50375763329379
P0934,Vestido,Linho,Linha 1,G,Vermelho,3.6742397121290846,31.935976872435944,81,22.045377097365137
P0935,Camisa,Linho,Linha 2,P,Branco,1.8362482224344503,25.368591465026185,229,124.7108082677394
P0936,Calça,Seda,Linha 3,GG,Verde,1.8980755207399236,42.28661114022008,132,69.54412432891115
P0937,Camisa,Algodão,Linha 2,GG,Preto,1.1889555323196106,18.46681697340959,274,230.45437154864456
P0938,Saia,Seda,Linha 1,M,Preto,1.1539383660160347,41.32139283157274,205,177.6524691762882
P0939,Camisa,Poliéster,Linha 1,P,Branco,1.5061475381645535,16.584573519473274,272,180.59319761692743
P0940,Vestido,Algodão,Linha 3,M,Preto,3.553148550932114,26.97374931488288,262,73.73741802359159
P0941,Calça,Algodão,Linha 1,G,Branco,1.489310109209426,19.548871183835924,167,112.13245580441873
P0942,Vestido,Poliéster,Linha 3,M,Branco,2.553252204083412,18.91662538628145,275,107.70577209732474
P0943,Blusa,Seda,Linha 2,P,Preto,1.7582590051479057,32.74192720616928,241,137.0674054814393
P0944,Blusa,Linho,Linha 3,M,Vermelho,1.815680701493432,21.996697380406463,128,70.49697664061614
P0945,Camisa,Seda,Linha 3,G,Vermelho,0.864769970396339,28.455251046064724,127,146.8598637182021
P0946,Camisa,Poliéster,Linha 1,G,Preto,1.3258559518120463,15.01019499603855,196,147.82903054598574
P0947,Camisa,Poliéster,Linha 1,P,Vermelho,0.7887397259537405,16.352809010700977,156,197.78387580436052
P0948,Saia,Algodão,Linha 3,M,Vermelho,1.203757528279113,20.2870197432876,175,145.37811468575345
P0949,Saia,Poliéster,Linha 1,P,Vermelho,2.8222410027839158,17.325838117997723,64,22.67701444946378
P0950,Vestido,Poliéster,Linha 1,P,Branco,3.551268760580273,22.36565618228426,183,51.53087877530791
P0951,Blusa,Algodão,Linha 1,G,Azul,1.6400523527047608,20.32661651177232,293,178.6528335615548
P0952,Blusa,Algodão,Linha 3,P,Verde,0.5731494782197106,22.546885131161734,122,212.85895675758184
P0953,Camisa,Linho,Linha 1,P,Azul,1.7655931890653862,21.716781950432168,150,84.95728287182749
P0954,Saia,Linho,Linha 3,P,Preto,1.8760881518107675,33.69397742191947,261,139.11926246540568
P0955,Calça,Viscose,Linha 1,G,Preto,1.6847902465917193,23.266469615299076,147,87.2512173532442
P0956,Calça,Viscose,Linha 2,G,Azul,2.092952722050753,22.08272383467901,215,102.7256840227786
P0957,Vestido,Linho,Linha 1,M,Preto,1.7283831068088895,40.492918056038576,75,43.3931572835564
P0958,Camisa,Poliéster,Linha 1,G,Branco,1.634969824028598,14.47210643370994,259,158.4127096375509
P0959,Camisa,Linho,Linha 3,P,Preto,1.3736526153324438,21.383975859681247,141,102.64603905396852
P0960,Blusa,Seda,Linha 3,M,Vermelho,0.7798851453097513,31.98918288318441,174,223.10977590282408
P0961,Camisa,Algodão,Linha 1,M,Vermelho,0.7823482996535684,20.19737845348498,296,378.3481093153417
P0962,Blusa,Poliéster,Linha 2,P,Branco,0.7763729773590113,15.836248803256654,228,293.6732815915204
P0963,Camisa,Seda,Linha 1,M,Verde,0.585503581327901,28.05598537234188,122,208.367640934507
P0964,Calça,Poliéster,Linha 1,GG,Preto,2.1755968987433696,20.929439356846817,273,125.482804354835
P0965,Calça,Linho,Linha 2,P,Azul,2.680696355177016,31.048438422906923,172,64.16243289465815
P0966,Calça,Linho,Linha 3,P,Vermelho,1.0349964279747772,25.024829811490488,102,98.55106476027927
P0967,Blusa,Algodão,Linha 1,P,Vermelho,0.5735069674569103,19.59843192563543,233,406.2723091808055
P0968,Calça,Poliéster,Linha 3,P,Verde,2.145540553373892,19.845763594154167,236,109.99559044870384
P0969,Vestido,Poliéster,Linha 3,GG,Preto,3.5487392134651308,25.14721105559045,247,69.60218408351831
P0970,Vestido,Algodão,Linha 2,M,Vermelho,2.316847226421584,29.93516463316511,127,54.81587156532285
P0971,Blusa,Algodão,Linha 2,M,Branco,1.0244215982115832,23.15798056665041,141,137.63864432979085
P0972,Saia,Seda,Linha 3,G,Azul,2.192692994993552,32.654425495597884,235,107.17414637460048
P0973,Blusa,Algodão,Linha 1,P,Azul,0.9113193336862204,19.28478957790613,137,150.3314973532329
P0974,Camisa,Poliéster,Linha 3,M,Azul,0.5399125491165262,17.39158146341382,62,114.83341163574048
P0975,Camisa,Algodão,Linha 1,M,Branco,1.602842777152394,23.170053731772636,92,57.39801888956753
P0976,Calça,Viscose,Linha 1,M,Vermelho,2.2512998258829064,23.20455832264524,125,55.52347961959175
P0977,Vestido,Algodão,Linha 2,GG,Branco,2.951889997639148,34.30776656546664,100,33.87660111995286
P0978,Camisa,Poliéster,Linha 1,G,Branco,1.6125261934877346,12.532639601737396,68,42.16985762750478
P0979,Vestido,Seda,Linha 1,M,Azul,3.1880770939050938,51.56990957173998,198,62.10640275247192
P0980,Vestido,Seda,Linha 3,G,Preto,2.014704970445803,41.77115831790408,268,133.02195801934138
P0981,Calça,Algodão,Linha 2,P,Vermelho,1.7049620938867025,20.911982519310875,171,100.29548493373322
P0982,Blusa,Seda,Linha 1,P,Preto,0.6891652125179375,26.872438036104555,260,377.2680269946632
P0983,Camisa,Poliéster,Linha 1,P,Branco,0.6947855201268216,14.507811048083322,73,105.06839576431452
P0984,Camisa,Poliéster,Linha 2,M,Vermelho,1.514293619534809,13.507152027626804,75,49.52804332824172
P0985,Blusa,Algodão,Linha 3,M,Preto,1.7879001604737472,18.56454068813199,222,124.1680072007912
P0986,Vestido,Algodão,Linha 2,M,Branco,3.906831459652848,25.619741832859702,205,52.47218932198725
P0987,Blusa,Linho,Linha 2,GG,Azul,1.4425206763241665,22.961767655589984,287,198.95728685937027
P0988,Calça,Poliéster,Linha 1,M,Preto,1.368202646721914,18.520443464702407,169,123.51971427983146
P0989,Camisa,Poliéster,Linha 1,M,Azul,0.6584755181733961,14.651122248546384,131,198.94437436853016
P0990,Blusa,Linho,Linha 3,P,Preto,1.719276457305137,23.467187612359112,285,165.7674068583016
P0991,Blusa,Seda,Linha 1,P,Vermelho,1.368134714539999,32.957425546285364,149,108.907403939456
P0992,Blusa,Algodão,Linha 1,M,Vermelho,1.4274275315205798,23.14807977114654,283,198.2587513206585
P0993,Calça,Linho,Linha 2,M,Azul,2.5629241775094185,33.08147067482876,206,80.37693889180339
P0994,Vestido,Algodão,Linha 1,G,Branco,3.2581930693311287,27.984008425412156,66,20.25662647841464
P0995,Calça,Seda,Linha 3,P,Vermelho,2.6689165057121933,39.51996721686077,117,43.83801432138802
P0996,Camisa,Linho,Linha 2,P,Azul,0.5843208581898177,21.51980182474051,93,159.15913097490142
P0997,Saia,Viscose,Linha 3,M,Azul,2.4950412734930096,18.405947417108752,286,114.6273622959373
P0998,Camisa,Algodão,Linha 2,P,Preto,1.7762791359831431,18.76501629628927,110,61.9272037663814
P0999,Saia,Algodão,Linha 1,P,Vermelho,1.572270084916629,26.953942742822942,172,109.39596297739168
P1000,Calça,Algodão,Linha 2,G,Azul,2.280894547986506,21.5649431735261,142,62.25627577800677
