ID_Produto,Defeitos,Satisfacao_Cliente,Data_Inspecao,Tipo_Defeito,Custo_Retrabalho,Tempo_Inspecao,Mes
P0001,3,5.0,2025-06-21,Tamanho,33.85409859755541,29,6
P0002,11,2.9066592275914345,2025-11-30,Cor,23.79908451746101,28,11
P0003,8,3.0,2025-10-11,Cor,49.68865513839658,7,10
P0004,2,3.0,2025-02-23,Cor,36.4451067895375,19,2
P0005,1,4.0,2025-03-08,Tamanho,47.62456502171622,22,3
P0006,8,2.0,2025-04-12,Costura,41.748477474059285,14,4
P0007,8,5.0,2025-04-30,Tecido,45.14505055816856,27,4
P0008,0,5.0,2025-07-10,,0.0,11,7
P0009,5,3.0,2025-10-31,Tecido,22.95795651879557,13,10
P0010,9,5.0,2025-02-16,Cor,12.58942266734422,9,2
P0011,7,5.0,2025-08-10,,18.51600877252611,24,8
P0012,2,1.0,2025-01-21,Tamanho,1.0118116319975223,12,1
P0013,8,5.0,2025-06-07,Cor,26.19965837323336,18,6
P0014,1,3.5797142241434114,2025-12-14,Tamanho,25.252890013520435,8,12
P0015,5,3.0,2025-06-08,Costura,26.26252324152441,24,6
P0016,0,2.0,2025-08-23,,0.0,18,8
P0017,6,2.0,2025-05-30,Acabamento,45.57270017274197,16,5
P0018,2,1.0,2025-09-14,,8.085638916505399,6,9
P0019,6,2.0,2025-06-14,,18.444126077794454,17,6
P0020,3,2.0,2025-03-18,,21.19780897316309,5,3
P0021,8,3.0,2025-03-26,,18.026645892582387,24,3
P0022,4,3.0,2025-02-15,Acabamento,39.92479818019565,11,2
P0023,2,4.0,2025-02-16,Cor,26.201883493379345,29,2
P0024,7,1.0,2025-08-01,Acabamento,28.60499084858125,13,8
P0025,5,2.0,2025-02-28,Tamanho,42.65067794939628,21,2
P0026,1,4.0,2025-02-23,,40.296407670767934,25,2
P0027,2,0.5800458339919645,2025-12-08,Tecido,6.610576141014985,27,12
P0028,7,2.0,2025-01-12,,35.69572920418172,17,1
P0029,9,2.0,2025-07-11,,21.771806445101777,27,7
P0030,6,3.0,2025-01-06,,14.732445153125024,14,1
P0031,10,4.881817789647152,2025-11-05,,2.5009410451093173,20,11
P0032,5,1.0,2025-05-24,Tecido,24.362478017272547,10,5
P0033,2,1.8408574234417658,2025-12-12,,0.0,20,12
P0034,8,1.0,2025-09-18,Costura,12.57565198382004,15,9
P0035,2,4.0,2025-03-14,Tecido,34.73358647984788,24,3
P0036,4,4.0,2025-06-23,Tamanho,38.47426936577935,7,6
P0037,6,5.0,2025-08-20,,12.23947595147124,13,8
P0038,6,2.0,2025-09-27,,2.4723718339673626,19,9
P0039,2,2.648761107769824,2025-12-28,Tamanho,42.43763502826175,17,12
P0040,3,2.0,2025-08-10,Costura,0.4979870602151659,14,8
P0041,9,1.0,2025-02-21,Tecido,46.8556246960736,24,2
P0042,6,4.0,2025-04-26,Costura,31.380993699135296,28,4
P0043,7,1.0,2025-01-26,Cor,16.092331760066013,17,1
P0044,1,5.0,2025-02-22,Acabamento,12.32389547883681,21,2
P0045,8,4.0,2025-01-29,Costura,0.4502832132237622,11,1
P0046,6,3.0,2025-01-19,Cor,11.773570850543855,10,1
P0047,7,4.0,2025-10-30,Tecido,6.886415075857055,17,10
P0048,5,2.0,2025-10-06,Tamanho,30.60831103615728,21,10
P0049,5,2.0,2025-04-27,Acabamento,8.327279429690066,19,4
P0050,8,4.0,2025-04-16,Acabamento,26.431491876830965,8,4
P0051,4,4.630867038293866,2025-11-05,Cor,29.50582111722354,19,11
P0052,4,2.0,2025-08-15,,14.902084917345723,18,8
P0053,9,1.6711841989428131,2025-12-18,Tecido,1.7532474509359353,25,12
P0054,0,3.0,2025-07-05,,0.0,15,7
P0055,3,4.0,2025-09-18,Tamanho,1.3173666096958805,28,9
P0056,6,2.0,2025-01-16,Acabamento,36.95623335682731,8,1
P0057,8,5.0,2025-09-30,,15.900485240714907,7,9
P0058,9,1.0,2025-06-09,Cor,39.81500929838318,6,6
P0059,5,3.5016526812369193,2025-12-24,Acabamento,21.58664119214246,24,12
P0060,7,3.0,2025-09-07,Costura,22.64990504149819,14,9
P0061,8,2.0,2025-08-12,Tamanho,25.64413012547869,17,8
P0062,9,5.0,2025-09-13,Tecido,35.6515728187552,24,9
P0063,3,4.0,2025-06-29,Tecido,13.675143291485352,25,6
P0064,0,5.0,2025-01-20,,0.0,27,1
P0065,7,5.0,2025-04-22,Acabamento,27.802866759573075,29,4
P0066,1,3.0,2025-04-30,Costura,16.348881162136962,22,4
P0067,0,4.0,2025-07-13,,0.0,25,7
P0068,6,2.0,2025-04-21,Tamanho,32.34733541686527,20,4
P0069,9,3.0,2025-07-29,Tecido,24.70628705706353,15,7
P0070,8,2.0,2025-01-01,Acabamento,31.013940855042144,14,1
P0071,8,1.0,2025-02-27,Tamanho,27.21000010568139,13,2
P0072,2,5.0,2025-04-03,Acabamento,36.98981859680496,16,4
P0073,5,1.0,2025-08-09,Cor,35.296830885581,23,8
P0074,6,5.0,2025-07-30,Cor,26.70949459043096,5,7
P0075,9,3.0,2025-08-20,Tamanho,33.945151042985344,22,8
P0076,8,2.0,2025-09-19,,43.67798011363064,18,9
P0077,1,1.565658394007444,2025-12-30,Tamanho,21.61356438940843,26,12
P0078,7,3.0,2025-04-13,Costura,20.63815363743968,25,4
P0079,6,4.0,2025-02-19,Acabamento,38.21228104261901,5,2
P0080,3,1.0,2025-04-20,,29.1276918520997,21,4
P0081,1,1.0,2025-03-29,Costura,3.5503390111294277,15,3
P0082,7,2.0,2025-01-20,,44.60560078455407,24,1
P0083,4,2.0,2025-01-14,,1.5391551118820068,19,1
P0084,5,2.0,2025-05-13,Costura,37.41981781048715,8,5
P0085,6,3.0,2025-10-23,,37.93970713521564,19,10
P0086,9,4.0,2025-02-03,Cor,47.65555426409652,26,2
P0087,0,1.0,2025-07-27,,0.0,26,7
P0088,7,5.0,2025-10-28,Cor,29.842843039224547,18,10
P0089,3,3.0,2025-07-18,Cor,21.392028531352647,26,7
P0090,8,1.0,2025-03-21,Tamanho,16.5316477429771,5,3
P0091,0,4.0,2025-03-12,,0.0,13,3
P0092,1,3.0,2025-06-04,Costura,28.132705983565454,11,6
P0093,5,1.0,2025-03-19,Acabamento,23.95203628373068,27,3
P0094,9,3.0,2025-03-19,Tecido,5.227722907551213,15,3
P0095,0,1.0,2025-06-21,,0.0,27,6
P0096,3,1.0,2025-10-16,Cor,36.89765601264693,6,10
P0097,7,4.0,2025-02-02,Acabamento,38.363915052682415,6,2
P0098,9,5.0,2025-10-27,Cor,45.26865941312137,10,10
P0099,4,4.0,2025-10-03,Costura,20.47353709443886,27,10
P0100,8,1.0,2025-01-07,Costura,47.65363843110685,23,1
P0101,5,3.0,2025-06-09,Costura,43.2714702541343,24,6
P0102,0,4.0,2025-08-28,,0.0,18,8
P0103,5,5.0,2025-01-24,,7.964151867472924,7,1
P0104,5,1.0,2025-08-02,Costura,21.76946980640067,11,8
P0105,5,4.0,2025-03-11,,20.09493539779833,11,3
P0106,7,4.0,2025-08-04,Tamanho,28.78596526656021,8,8
P0107,5,4.0,2025-04-14,Tamanho,29.1693116163874,27,4
P0108,4,4.0,2025-08-03,Tamanho,37.49934921899876,9,8
P0109,1,3.0,2025-02-23,,25.49449741028051,21,2
P0110,3,5.0,2025-10-21,Costura,5.241132047038278,8,10
P0111,11,4.791470559623739,2025-11-26,Acabamento,42.9145667776553,27,11
P0112,5,0.8365116392290581,2025-12-02,Tamanho,15.488229159259353,17,12
P0113,9,2.0,2025-07-22,Acabamento,48.5648730153296,20,7
P0114,3,3.0,2025-10-15,,5.893005433988508,20,10
P0115,1,1.0,2025-02-14,Costura,47.91255861162516,6,2
P0116,6,0.7015751260019598,2025-11-13,Tamanho,4.550590344125849,22,11
P0117,9,4.0,2025-07-17,Acabamento,11.551806897352972,5,7
P0118,9,2.0,2025-08-04,Cor,2.32899710432708,22,8
P0119,2,1.591181832083248,2025-11-05,Cor,35.25565733194975,12,11
P0120,2,2.7623282631317236,2025-11-28,,0.0,15,11
P0121,4,2.0,2025-07-03,,21.70355409079902,28,7
P0122,0,1.0,2025-01-27,,0.0,28,1
P0123,0,2.0,2025-06-15,,0.0,19,6
P0124,0,1.6311536965841802,2025-11-14,,0.0,20,11
P0125,5,5.0,2025-10-01,Costura,42.270960085038496,21,10
P0126,8,1.0,2025-04-13,Costura,14.840010252591943,21,4
P0127,10,1.9904199802469789,2025-11-29,Costura,17.71328606638129,16,11
P0128,0,2.0,2025-04-14,,0.0,14,4
P0129,4,4.0,2025-09-02,Cor,45.04817480193819,24,9
P0130,8,1.5370799458509479,2025-11-01,Tamanho,48.82413881004354,10,11
P0131,8,2.0,2025-06-18,Tamanho,45.09191582208356,12,6
P0132,0,5.0,2025-04-26,,0.0,17,4
P0133,7,1.0,2025-05-21,Tecido,41.186214306849365,6,5
P0134,2,2.613082636242274,2025-12-22,,0.0,23,12
P0135,7,1.0,2025-05-05,Acabamento,49.54006779729689,26,5
P0136,0,4.0,2025-01-25,,0.0,14,1
P0137,4,1.0,2025-07-13,Costura,27.69180412511103,8,7
P0138,7,2.0,2025-04-10,,26.48874576283993,16,4
P0139,5,4.0,2025-01-05,,16.08685149291389,22,1
P0140,8,1.0,2025-01-19,Tecido,3.751104444645908,11,1
P0141,0,4.0,2025-06-19,,0.0,24,6
P0142,8,3.0,2025-10-01,Cor,40.13379062631434,28,10
P0143,0,1.0,2025-09-11,,0.0,28,9
P0144,9,2.0,2025-05-01,Acabamento,38.83841356750364,27,5
P0145,9,4.0,2025-02-01,Costura,31.2923333025305,29,2
P0146,2,5.0,2025-05-29,Tamanho,20.45718939588112,8,5
P0147,0,4.0,2025-09-23,,0.0,11,9
P0148,2,5.0,2025-02-06,Tecido,42.98643917511163,14,2
P0149,1,2.0,2025-06-26,Cor,35.009412964702655,19,6
P0150,3,2.8029049566179336,2025-12-08,Acabamento,27.38699547345684,16,12
P0151,8,5.0,2025-01-13,Cor,30.478426694923204,5,1
P0152,7,3.0,2025-07-02,Tecido,4.553309104109049,24,7
P0153,0,4.0,2025-05-25,,0.0,22,5
P0154,3,2.0,2025-09-22,Costura,9.6850146392851,29,9
P0155,0,5.0,2025-03-29,,0.0,20,3
P0156,0,4.0,2025-02-15,,0.0,9,2
P0157,3,1.0,2025-04-29,Costura,45.5628075917144,23,4
P0158,1,4.0,2025-01-19,Tamanho,20.187830523917327,8,1
P0159,2,3.0,2025-08-08,,10.38746365060952,10,8
P0160,8,2.0,2025-08-21,,32.43734686183271,21,8
P0161,1,2.0,2025-04-04,Acabamento,43.55935231751589,11,4
P0162,3,4.0,2025-09-08,Tecido,37.41594005612454,28,9
P0163,0,1.0,2025-09-07,,0.0,27,9
P0164,1,3.0,2025-10-09,Tamanho,26.827733550539968,11,10
P0165,4,4.0,2025-08-20,Tecido,37.59381221845955,13,8
P0166,9,4.0,2025-02-15,,7.003227967946824,17,2
P0167,0,2.0,2025-02-15,,0.0,24,2
P0168,6,3.0,2025-01-14,,19.477458224076123,18,1
P0169,3,1.0,2025-03-26,,25.56478731230173,20,3
P0170,7,1.807993837240354,2025-11-15,Tamanho,46.45381801284118,27,11
P0171,9,3.9485565961257474,2025-11-24,,43.71482801110872,13,11
P0172,5,2.0,2025-01-03,Tamanho,6.726274614459227,19,1
P0173,1,2.0,2025-01-28,Tecido,8.63948259412316,9,1
P0174,0,5.0,2025-06-06,,0.0,22,6
P0175,7,1.5919231380587358,2025-12-09,Costura,14.537193294533695,25,12
P0176,7,1.6156852453714077,2025-11-29,Cor,30.738547657813115,24,11
P0177,9,2.684875146232192,2025-11-28,Tamanho,45.13880238822725,12,11
P0178,5,2.0,2025-06-24,Cor,48.11457708362934,19,6
P0179,0,1.0,2025-04-24,,0.0,25,4
P0180,9,3.9492717639279826,2025-11-27,Acabamento,41.90796007005434,29,11
P0181,2,3.0,2025-09-07,,26.26011001153985,13,9
P0182,5,2.0,2025-02-28,Costura,10.416347343001986,23,2
P0183,9,1.0,2025-07-22,Cor,26.23442060467387,26,7
P0184,9,3.8688293171814645,2025-11-11,Tecido,27.754130071882557,10,11
P0185,8,3.0,2025-08-27,Tamanho,37.12287821067783,8,8
P0186,2,1.0,2025-08-22,Costura,10.994149485367457,15,8
P0187,4,2.0,2025-10-30,Tamanho,18.415519104336585,14,10
P0188,4,5.0,2025-04-05,Tecido,18.20137346072832,7,4
P0189,9,5.0,2025-05-21,Tecido,47.971979787058245,5,5
P0190,6,2.7705427633676907,2025-11-30,,22.197248016335948,16,11
P0191,3,1.0,2025-04-23,Costura,37.75469836490733,27,4
P0192,3,4.0,2025-04-19,Cor,37.54056906872195,19,4
P0193,7,0.8670140281178871,2025-12-28,Costura,13.277209240162067,19,12
P0194,8,4.783013038423548,2025-12-11,Acabamento,28.59348446858661,25,12
P0195,3,3.0,2025-10-16,Acabamento,44.71514466593241,18,10
P0196,3,2.0,2025-04-07,Cor,23.75988597284747,11,4
P0197,7,0.8870212296811739,2025-12-01,Costura,47.2558753671273,21,12
P0198,5,5.0,2025-01-16,Cor,10.72291146620808,28,1
P0199,6,4.0,2025-02-13,Tamanho,3.707955288701537,23,2
P0200,0,3.0,2025-08-18,,0.0,11,8
P0201,2,2.0,2025-04-18,Acabamento,42.384059898110834,7,4
P0202,8,1.0,2025-08-05,Acabamento,49.62949379669224,7,8
P0203,5,4.0,2025-09-17,Tecido,33.969674405621305,29,9
P0204,7,1.8251997480969917,2025-11-08,Tecido,46.83439633335748,22,11
P0205,6,4.673851558201687,2025-11-16,Tecido,41.347451254205545,24,11
P0206,2,5.0,2025-07-15,Tecido,42.22131665600434,26,7
P0207,4,4.0,2025-04-05,Tecido,28.457078522713413,18,4
P0208,0,5.0,2025-02-25,,0.0,7,2
P0209,2,3.0,2025-02-01,Acabamento,46.72790362716409,11,2
P0210,3,4.0,2025-08-19,,21.605858780794723,11,8
P0211,4,5.0,2025-01-09,Tecido,26.940968362483453,9,1
P0212,9,1.0,2025-07-10,Tamanho,22.305715356259388,7,7
P0213,9,4.553819459610152,2025-12-27,,28.240915698009854,22,12
P0214,3,3.0,2025-07-19,Acabamento,23.52525394961636,19,7
P0215,2,1.8074846593835874,2025-11-30,Tecido,2.398377928973794,24,11
P0216,9,2.0,2025-06-10,Tecido,44.10240930038493,18,6
P0217,0,5.0,2025-03-28,,0.0,8,3
P0218,9,2.0,2025-01-21,Cor,29.44718242536744,28,1
P0219,6,4.654045884419621,2025-11-07,Tamanho,6.959390137899352,12,11
P0220,6,3.0,2025-03-17,Costura,0.1693923991319568,25,3
P0221,9,2.0,2025-05-21,Tecido,12.264504682182148,17,5
P0222,7,1.0,2025-05-06,Tamanho,35.22930160666751,26,5
P0223,0,5.0,2025-09-08,,0.0,12,9
P0224,3,2.0,2025-03-25,Acabamento,45.4443720193234,19,3
P0225,4,3.0,2025-02-17,Tamanho,10.75112846780923,21,2
P0226,1,3.0,2025-03-19,Cor,10.22968071458879,9,3
P0227,0,1.0,2025-01-30,,0.0,24,1
P0228,7,3.0,2025-10-12,Cor,0.6990856485682373,8,10
P0229,5,3.0,2025-05-16,Acabamento,38.59027342391173,15,5
P0230,4,2.0,2025-05-20,,43.75172656226293,22,5
P0231,8,5.0,2025-02-10,Costura,30.708135130809943,14,2
P0232,1,4.0,2025-10-09,Acabamento,9.409999083993114,21,10
P0233,9,3.0,2025-02-19,Cor,14.263899847043987,19,2
P0234,7,3.0,2025-09-15,Acabamento,23.796334868248163,10,9
P0235,10,3.93260345680874,2025-11-07,Costura,47.71729758116504,27,11
P0236,8,2.7295910110721193,2025-12-26,Cor,12.36756859088714,25,12
P0237,0,2.0,2025-09-27,,0.0,20,9
P0238,6,2.0,2025-05-14,Acabamento,21.97241116464601,19,5
P0239,7,4.0,2025-08-22,Acabamento,14.89236741800109,12,8
P0240,2,3.0,2025-05-08,Tecido,22.79579685110569,13,5
P0241,3,3.0,2025-04-14,Tecido,3.5603358770616267,15,4
P0242,2,5.0,2025-09-11,Cor,39.93436854651812,6,9
P0243,6,3.0,2025-04-05,,12.165096399148355,17,4
P0244,9,1.539147887222743,2025-12-03,,36.27060615964852,8,12
P0245,2,1.0,2025-08-05,Cor,3.417418572409736,13,8
P0246,5,1.0,2025-03-02,Cor,47.7549278082843,9,3
P0247,7,1.0,2025-09-25,,9.65074927028493,23,9
P0248,5,1.0,2025-08-29,Cor,44.13710381035402,26,8
P0249,1,3.0,2025-01-13,Acabamento,40.47366048077172,7,1
P0250,6,3.0,2025-05-27,Tecido,48.3929962040708,25,5
P0251,1,5.0,2025-08-28,Tamanho,23.89453304728748,7,8
P0252,1,3.0,2025-03-30,Acabamento,36.369864692297575,10,3
P0253,1,1.0,2025-04-05,,18.5355328518892,14,4
P0254,2,3.986032097771308,2025-11-11,,0.0,9,11
P0255,0,4.0,2025-10-20,,0.0,29,10
P0256,6,2.0,2025-01-25,Tamanho,8.287450769422744,7,1
P0257,4,2.0,2025-09-29,,49.1022311393192,26,9
P0258,2,3.0,2025-06-15,Cor,4.812324557035819,28,6
P0259,0,4.0,2025-09-07,,0.0,11,9
P0260,9,1.0,2025-03-28,Costura,31.3231927627028,26,3
P0261,5,1.0,2025-05-22,Acabamento,26.90397714370271,22,5
P0262,0,1.0,2025-05-14,,0.0,27,5
P0263,8,3.0,2025-10-06,Acabamento,5.809038750594548,12,10
P0264,1,3.0,2025-05-06,Tecido,27.750926210264552,5,5
P0265,0,4.866221319136596,2025-11-12,,0.0,29,11
P0266,6,1.0,2025-05-21,Tecido,47.00880316505283,8,5
P0267,7,0.9337532331599279,2025-12-22,Tecido,38.10358267198629,28,12
P0268,5,3.0,2025-04-13,Acabamento,48.62572410798713,11,4
P0269,4,3.0,2025-08-14,Acabamento,1.8778034870094773,18,8
P0270,3,5.0,2025-03-04,Tecido,14.256658759035435,17,3
P0271,3,5.0,2025-10-21,Tecido,9.77112933191745,14,10
P0272,4,1.7334392602517927,2025-11-02,Tecido,0.557729365591525,27,11
P0273,9,4.0,2025-09-11,Tamanho,12.116286512316073,22,9
P0274,7,1.0,2025-06-29,,33.93879917602145,5,6
P0275,6,1.0,2025-02-09,Acabamento,11.554446106728427,8,2
P0276,8,5.0,2025-09-21,Tamanho,25.45017227413091,20,9
P0277,0,5.0,2025-07-08,,0.0,20,7
P0278,6,2.0,2025-01-08,Costura,34.68789601745376,22,1
P0279,9,4.0,2025-04-14,,19.7314534953016,12,4
P0280,3,2.0,2025-08-13,,18.623446945605416,14,8
P0281,6,4.0,2025-02-03,Tecido,22.78679070042424,20,2
P0282,0,1.0,2025-08-24,,0.0,27,8
P0283,4,2.0,2025-08-16,Costura,31.700038370799405,28,8
P0284,2,5.0,2025-07-07,Costura,18.207640955230275,15,7
P0285,4,1.6601787679643374,2025-11-09,Tamanho,42.618267463102185,10,11
P0286,3,2.0,2025-01-22,Acabamento,37.82763300289081,5,1
P0287,3,0.9711104039684453,2025-12-09,,30.525658204608003,16,12
P0288,3,5.0,2025-02-09,Tamanho,18.2101111324758,29,2
P0289,2,5.0,2025-06-22,Tamanho,10.49659158367422,10,6
P0290,0,3.0,2025-06-28,,0.0,17,6
P0291,9,3.0,2025-03-27,Costura,24.320454949554325,21,3
P0292,7,3.0,2025-05-13,Cor,11.237501908867875,5,5
P0293,6,0.9648577896797244,2025-12-17,Tamanho,9.75873075200031,12,12
P0294,3,2.0,2025-01-13,Costura,8.270045225067951,26,1
P0295,9,5.0,2025-01-28,Costura,38.85805981027975,12,1
P0296,4,5.0,2025-03-25,,11.449359265015586,28,3
P0297,5,1.5651854036255473,2025-11-14,Tamanho,26.332113176259877,15,11
P0298,2,4.771883425716246,2025-12-15,Tecido,22.577318048652824,18,12
P0299,4,1.768524200180676,2025-12-09,Tamanho,28.9805449614142,28,12
P0300,3,1.0,2025-10-07,,43.85774501855971,14,10
P0301,0,0.5277098025209416,2025-12-20,,0.0,19,12
P0302,2,1.0,2025-09-20,Costura,22.553803591242986,11,9
P0303,9,2.0,2025-06-15,,0.7683125367361654,11,6
P0304,9,2.0,2025-10-20,Cor,21.32219028571516,14,10
P0305,7,4.0,2025-03-09,Costura,30.30967687120702,8,3
P0306,6,5.0,2025-08-14,Acabamento,27.88823795490309,29,8
P0307,1,5.0,2025-06-19,,32.56680529001027,22,6
P0308,0,4.0,2025-03-27,,0.0,29,3
P0309,2,4.0,2025-05-13,Tecido,32.326754939036626,14,5
P0310,4,1.0,2025-06-27,Tecido,9.132580937188612,23,6
P0311,10,3.839895194867534,2025-12-09,,37.52619903483745,18,12
P0312,0,2.0,2025-09-09,,0.0,17,9
P0313,2,3.0,2025-01-15,Acabamento,35.49477166907268,19,1
P0314,2,2.0,2025-08-11,,2.3932799453053546,20,8
P0315,4,4.0,2025-07-20,Costura,20.39300127954567,6,7
P0316,2,5.0,2025-04-17,,35.25172611316664,8,4
P0317,8,2.0,2025-09-07,,11.343525816574706,25,9
P0318,0,5.0,2025-03-30,,0.0,22,3
P0319,3,2.0,2025-05-05,Tecido,31.5389866552466,21,5
P0320,9,5.0,2025-04-23,Tamanho,29.378088607489914,14,4
P0321,9,2.0,2025-05-17,,17.677442710216855,25,5
P0322,3,5.0,2025-09-04,,24.12257351905588,13,9
P0323,0,3.0,2025-06-15,,0.0,19,6
P0324,1,1.0,2025-05-30,,23.623105695744524,16,5
P0325,2,1.5514881764836048,2025-12-29,,0.0,25,12
P0326,6,2.512872627711868,2025-12-09,Tecido,21.68484665534798,13,12
P0327,2,1.0,2025-03-09,Cor,10.113659087101516,18,3
P0328,6,2.0,2025-08-09,,10.696689140052362,17,8
P0329,4,3.0,2025-09-28,Acabamento,0.2901884421470546,10,9
P0330,9,2.879152901174785,2025-11-17,Acabamento,15.047885777933622,23,11
P0331,8,2.7429805753937284,2025-11-06,,37.44588202392598,8,11
P0332,3,3.7328219235498707,2025-12-15,Cor,39.70813544188048,24,12
P0333,4,5.0,2025-01-20,Tamanho,10.1233771047875,21,1
P0334,4,1.0,2025-10-16,Cor,47.952199843570384,23,10
P0335,4,5.0,2025-04-10,Cor,25.12013967400633,7,4
P0336,9,5.0,2025-09-09,Tamanho,45.848937450925135,18,9
P0337,8,5.0,2025-03-18,,35.338264093081555,21,3
P0338,9,3.0,2025-05-15,Acabamento,36.12167115112065,17,5
P0339,2,5.0,2025-06-22,,4.2521810653035566,13,6
P0340,6,3.566915944103968,2025-12-29,Costura,10.999556344846534,5,12
P0341,7,2.0,2025-07-20,Tecido,0.4407416647236317,29,7
P0342,8,3.0,2025-08-05,Acabamento,35.806382023836875,21,8
P0343,6,1.0,2025-07-27,Costura,17.2219144214255,20,7
P0344,2,2.0,2025-03-15,Tecido,39.332625803817336,22,3
P0345,0,2.0,2025-01-11,,0.0,6,1
P0346,3,2.0,2025-10-14,Costura,40.966687614943055,18,10
P0347,5,5.0,2025-09-13,Tecido,6.53491268741565,26,9
P0348,2,5.0,2025-01-12,Acabamento,8.66865783787541,27,1
P0349,0,3.0,2025-03-19,,0.0,21,3
P0350,5,5.0,2025-06-21,,20.424369444113665,7,6
P0351,0,5.0,2025-04-06,,0.0,6,4
P0352,8,4.848045931809089,2025-11-02,Cor,38.182351626160994,12,11
P0353,0,3.0,2025-09-30,,0.0,29,9
P0354,5,3.0,2025-06-28,,17.560850981924403,6,6
P0355,0,4.0,2025-03-05,,0.0,6,3
P0356,6,4.0,2025-05-12,Costura,3.3398538631085994,13,5
P0357,2,3.6009787783232925,2025-12-09,Tamanho,47.11717538356787,24,12
P0358,5,4.0,2025-09-29,Acabamento,49.315842113600645,25,9
P0359,8,1.514496304360994,2025-11-15,,4.428408691254004,29,11
P0360,1,1.5798316736278504,2025-11-28,,0.0,10,11
P0361,1,3.5454298582716413,2025-12-07,,0.0,16,12
P0362,4,4.0,2025-04-19,,38.8195684326363,29,4
P0363,5,1.0,2025-09-30,Acabamento,29.79634060583669,13,9
P0364,8,2.0,2025-06-17,Costura,32.218285024628365,11,6
P0365,0,1.0,2025-06-29,,0.0,16,6
P0366,3,1.0,2025-02-27,Tecido,5.898949971851286,29,2
P0367,9,5.0,2025-03-20,,41.66047284551312,9,3
P0368,7,3.0,2025-03-02,,35.2809902090072,20,3
P0369,9,2.0,2025-05-01,Tamanho,28.867086259818517,9,5
P0370,8,4.0,2025-07-26,Acabamento,44.486766739152834,16,7
P0371,2,4.0,2025-02-03,Acabamento,35.01531769419036,28,2
P0372,1,3.0,2025-03-11,Cor,10.08499813155127,24,3
P0373,3,2.0,2025-01-17,Cor,21.487269053783336,13,1
P0374,1,4.0,2025-01-20,Tamanho,24.702143346786663,27,1
P0375,0,3.645822780428515,2025-11-11,,0.0,11,11
P0376,2,5.0,2025-03-10,Tamanho,47.73187566800279,23,3
P0377,6,1.0,2025-08-03,Tecido,6.428863039843924,24,8
P0378,0,4.0,2025-06-10,,0.0,27,6
P0379,1,2.0,2025-04-12,,25.31155180454401,15,4
P0380,0,3.0,2025-07-25,,0.0,25,7
P0381,7,5.0,2025-05-25,Acabamento,46.23737379321808,16,5
P0382,4,2.0,2025-02-26,,42.59184044094666,7,2
P0383,7,5.0,2025-03-24,Tamanho,26.212896395191777,21,3
P0384,2,1.0,2025-09-26,Cor,11.447116806972264,11,9
P0385,6,4.0,2025-07-06,,6.0811445340047126,26,7
P0386,7,2.0,2025-01-06,Tecido,18.16962397160633,14,1
P0387,7,2.5480221198614132,2025-12-19,,12.771414052304523,27,12
P0388,7,0.9175746823238363,2025-12-16,Costura,25.33456005031493,19,12
P0389,1,1.0,2025-04-20,Costura,48.32046480617145,6,4
P0390,7,5.0,2025-05-18,,28.74767466148207,17,5
P0391,4,1.0,2025-02-20,Tecido,44.49655279450489,8,2
P0392,6,2.0,2025-02-20,Tamanho,32.543941874788864,22,2
P0393,0,5.0,2025-03-28,,0.0,28,3
P0394,4,1.0,2025-03-09,,42.73037813666856,27,3
P0395,0,3.0,2025-03-25,,0.0,5,3
P0396,7,2.0,2025-02-11,Tecido,43.43140852551805,6,2
P0397,3,3.0,2025-08-07,Tamanho,14.578838478788263,6,8
P0398,3,3.0,2025-02-26,Costura,6.440653688149406,8,2
P0399,1,5.0,2025-08-14,Cor,42.76572321814692,7,8
P0400,4,4.0,2025-07-15,,29.37075818963334,21,7
P0401,0,5.0,2025-09-05,,0.0,18,9
P0402,8,2.0,2025-06-15,Acabamento,46.89136034961916,6,6
P0403,4,2.0,2025-03-03,Acabamento,2.6814195185724587,20,3
P0404,5,5.0,2025-09-20,Tamanho,25.048465092943417,15,9
P0405,1,4.0,2025-04-22,,18.748227453726464,29,4
P0406,9,5.0,2025-09-10,Costura,31.292919853505857,17,9
P0407,9,2.0,2025-07-18,Acabamento,39.67955986011618,5,7
P0408,0,4.0,2025-06-27,,0.0,29,6
P0409,3,2.0,2025-01-26,Acabamento,27.839919218658583,27,1
P0410,6,4.0,2025-09-03,Costura,35.43642899524498,6,9
P0411,5,4.0,2025-01-19,Acabamento,6.721554141786701,6,1
P0412,9,5.0,2025-09-22,Cor,40.70334529756335,25,9
P0413,0,4.643819292479187,2025-11-13,,0.0,9,11
P0414,0,5.0,2025-01-20,,0.0,8,1
P0415,7,4.0,2025-04-16,Acabamento,16.976445956534665,16,4
P0416,3,4.0,2025-08-25,,5.407297116859933,7,8
P0417,4,1.634061322514262,2025-11-02,,25.325060051846265,24,11
P0418,6,3.0,2025-09-03,Tamanho,4.290538585471943,14,9
P0419,7,5.0,2025-03-22,Costura,48.47632616620034,24,3
P0420,9,2.0,2025-05-30,Cor,1.9342479128595769,22,5
P0421,6,2.0,2025-01-10,Tecido,37.6751950553654,25,1
P0422,1,0.7804095267502897,2025-11-17,,26.255119907112203,25,11
P0423,3,5.0,2025-08-12,Tecido,18.431032624914437,25,8
P0424,9,2.0,2025-09-21,Tecido,3.2921082254327327,14,9
P0425,0,1.0,2025-05-29,,0.0,5,5
P0426,9,5.0,2025-10-05,Tecido,29.26101646954776,10,10
P0427,8,4.0,2025-10-01,Tecido,14.044163653379988,15,10
P0428,2,1.0,2025-07-13,Acabamento,45.511085070515605,6,7
P0429,2,4.0,2025-06-21,Costura,15.205500367141845,11,6
P0430,9,3.0,2025-09-22,Costura,22.486270529605303,24,9
P0431,10,2.960130766321044,2025-11-06,Cor,27.188122795932784,25,11
P0432,9,3.0,2025-01-26,Tamanho,5.011593908814305,25,1
P0433,4,2.6887781268695865,2025-12-16,Acabamento,46.60808596068161,25,12
P0434,7,1.9740595967147596,2025-12-22,Cor,18.72680762255205,22,12
P0435,1,3.0,2025-01-26,Acabamento,4.038960693717181,25,1
P0436,2,2.0,2025-02-03,Cor,19.364558683766496,23,2
P0437,1,2.0,2025-09-21,,30.010127354629034,8,9
P0438,0,5.0,2025-05-18,,0.0,17,5
P0439,1,2.0,2025-10-31,Tamanho,34.7270987018637,22,10
P0440,7,2.0,2025-07-02,,2.7741971033955317,24,7
P0441,8,2.8087987519217252,2025-12-29,,14.227030513602806,29,12
P0442,1,2.0,2025-08-30,Tecido,40.96152884200512,28,8
P0443,6,4.0,2025-02-23,Tecido,3.994684389568043,17,2
P0444,4,3.0,2025-06-17,Tamanho,42.77429773479788,23,6
P0445,2,1.0,2025-04-29,Costura,4.594804603855312,21,4
P0446,8,3.0,2025-05-23,,41.72271074458481,5,5
P0447,5,2.0,2025-03-22,Tamanho,18.039420053936333,10,3
P0448,0,4.0,2025-09-02,,0.0,23,9
P0449,6,2.8031648855121243,2025-12-18,Costura,7.644355782399908,24,12
P0450,6,3.5005387457683335,2025-12-24,Tamanho,3.308436086259042,5,12
P0451,3,1.0,2025-03-03,Tamanho,10.796910201006757,12,3
P0452,7,1.0,2025-02-15,,6.392690895434777,21,2
P0453,9,5.0,2025-03-28,Costura,15.62029488398159,25,3
P0454,4,5.0,2025-04-09,Costura,25.71916232555101,26,4
P0455,8,3.0,2025-10-22,Cor,29.43797317825048,19,10
P0456,8,5.0,2025-02-22,Costura,39.49340536898715,22,2
P0457,8,4.0,2025-07-11,Acabamento,32.81199466241793,11,7
P0458,0,5.0,2025-03-21,,0.0,20,3
P0459,1,4.0,2025-01-16,Cor,20.58910137428873,11,1
P0460,2,4.850098983135445,2025-12-26,,23.690421748006933,21,12
P0461,5,4.589773031038156,2025-11-22,Costura,20.726041469509056,8,11
P0462,9,5.0,2025-07-13,Tecido,42.10830150306916,16,7
P0463,8,2.0,2025-05-21,Costura,11.500022627419993,17,5
P0464,9,2.0,2025-04-18,Cor,0.2860465770982312,8,4
P0465,5,5.0,2025-10-30,,32.565994861311964,25,10
P0466,0,4.0,2025-09-22,,0.0,5,9
P0467,8,3.0,2025-10-17,Tamanho,44.505756815490464,5,10
P0468,5,1.0,2025-07-28,Acabamento,42.9523164853328,11,7
P0469,3,2.0,2025-06-14,,3.836368596410295,13,6
P0470,3,4.973414157390823,2025-12-08,Costura,5.319420270703867,5,12
P0471,2,0.7351170073070799,2025-11-16,Tecido,24.758579612333317,20,11
P0472,6,2.0,2025-06-01,Costura,30.461133138467734,22,6
P0473,2,3.0,2025-10-17,Cor,13.745416874112038,26,10
P0474,1,4.0,2025-09-25,Tecido,35.839885834968534,19,9
P0475,9,5.0,2025-05-31,,29.745801045943576,10,5
P0476,7,3.0,2025-07-26,Tamanho,16.241205487427735,6,7
P0477,3,2.0,2025-09-12,Tamanho,1.2685744021157797,13,9
P0478,7,4.731654160721994,2025-12-19,Acabamento,37.507514064925886,8,12
P0479,0,1.0,2025-05-21,,0.0,17,5
P0480,6,3.6856250734027687,2025-12-09,Cor,41.72368717313142,27,12
P0481,10,1.594997398305031,2025-12-24,,21.01451300271276,26,12
P0482,0,4.0,2025-04-06,,0.0,15,4
P0483,3,5.0,2025-08-15,,43.64743652045009,17,8
P0484,5,3.0,2025-07-12,,43.18115004599767,15,7
P0485,9,4.0,2025-10-30,Costura,18.575978762178664,23,10
P0486,9,0.619038309138426,2025-11-10,Tecido,10.444444635742157,12,11
P0487,2,2.0,2025-04-28,Costura,38.75730388642973,11,4
P0488,4,1.0,2025-01-05,Cor,21.65401018010656,29,1
P0489,7,3.619495935833813,2025-12-18,Costura,9.602099677950203,20,12
P0490,0,3.0,2025-08-31,,0.0,7,8
P0491,6,3.0,2025-01-21,Tamanho,9.905209712054369,21,1
P0492,7,1.0,2025-06-01,,1.290358409561554,22,6
P0493,7,5.0,2025-05-08,Tamanho,1.0139986883709984,19,5
P0494,8,5.0,2025-05-04,,31.115767822713213,21,5
P0495,5,3.0,2025-05-26,Costura,33.08375303587652,15,5
P0496,5,1.0,2025-10-04,Costura,15.552085252849196,9,10
P0497,2,0.7838530328378566,2025-11-06,Tamanho,16.00054946235317,20,11
P0498,2,1.0,2025-06-01,Tecido,16.97469575299714,19,6
P0499,4,3.6362642587667366,2025-12-26,Tecido,34.00792733794393,14,12
P0500,3,5.0,2025-04-21,Cor,2.906689551341429,18,4
P0501,7,5.0,2025-04-26,Tecido,46.45581763456628,6,4
P0502,0,4.0,2025-07-07,,0.0,20,7
P0503,9,2.0,2025-02-26,Cor,49.98366026210461,23,2
P0504,3,4.0,2025-09-08,Acabamento,8.57613468935935,12,9
P0505,3,1.0,2025-05-30,Tamanho,38.57732286561888,19,5
P0506,0,4.0,2025-06-11,,0.0,14,6
P0507,2,1.0,2025-04-30,Tecido,4.042340082162699,9,4
P0508,4,3.0,2025-03-11,Tecido,43.74666621753244,24,3
P0509,6,0.7543421411254392,2025-12-17,Cor,42.93756295954459,20,12
P0510,8,5.0,2025-04-09,Tamanho,20.178519622480067,25,4
P0511,8,4.0,2025-06-16,,35.11980712702134,26,6
P0512,8,1.0,2025-10-25,Tamanho,27.853296634195857,16,10
P0513,0,2.0,2025-05-31,,0.0,27,5
P0514,10,2.966524410827499,2025-11-22,Acabamento,15.752798465932722,17,11
P0515,7,2.0,2025-01-02,Acabamento,26.183619999949254,13,1
P0516,1,2.0,2025-06-01,Acabamento,24.268618560227523,21,6
P0517,0,2.0,2025-03-06,,0.0,24,3
P0518,0,2.5549091086941367,2025-11-22,,0.0,16,11
P0519,5,3.0,2025-03-10,Acabamento,8.293896233126773,29,3
P0520,8,3.0,2025-05-01,Tamanho,7.475431976034807,9,5
P0521,6,3.0,2025-04-19,Costura,28.84547676613757,28,4
P0522,6,1.5549183469306198,2025-11-12,Tamanho,32.8747114992471,16,11
P0523,1,5.0,2025-09-04,Costura,9.73096271622826,5,9
P0524,0,5.0,2025-04-03,,0.0,24,4
P0525,1,3.0,2025-09-25,,47.328192148937184,20,9
P0526,0,4.0,2025-04-13,,0.0,16,4
P0527,2,1.0,2025-04-22,Costura,33.418035105869706,13,4
P0528,6,3.8385606176724303,2025-11-17,Cor,37.00746968487954,17,11
P0529,7,4.0,2025-10-31,Tecido,22.406434973257976,21,10
P0530,4,3.5430486903595297,2025-12-10,Acabamento,46.87629933797915,21,12
P0531,9,5.0,2025-03-03,,36.83283676093952,8,3
P0532,8,1.0,2025-10-27,,22.896228993044893,18,10
P0533,9,4.0,2025-05-16,Tamanho,28.466760088804698,23,5
P0534,4,3.0,2025-02-24,Cor,34.63067217125504,11,2
P0535,6,5.0,2025-04-18,Tamanho,29.609509021460912,7,4
P0536,7,3.0,2025-10-30,Cor,43.93487919130379,5,10
P0537,2,3.0,2025-09-15,,17.84443311402006,16,9
P0538,1,4.0,2025-09-10,,14.994287002790246,19,9
P0539,1,3.0,2025-08-10,Acabamento,10.691944474763217,15,8
P0540,4,1.0,2025-06-16,Cor,1.8891484032297567,14,6
P0541,0,3.0,2025-06-09,,0.0,6,6
P0542,1,4.0,2025-06-15,Costura,43.50275965546414,8,6
P0543,8,3.0,2025-07-24,,33.919657320295364,21,7
P0544,6,5.0,2025-09-24,Acabamento,33.026620771824305,21,9
P0545,5,5.0,2025-05-18,Cor,30.732140946744305,12,5
P0546,8,4.621007980747459,2025-12-12,Acabamento,42.46095723470524,27,12
P0547,6,2.0,2025-09-05,,24.01334628328137,18,9
P0548,4,5.0,2025-02-24,Costura,43.52054142791501,28,2
P0549,8,5.0,2025-07-28,,17.972251309111957,8,7
P0550,5,2.0,2025-01-17,,46.335375216954525,10,1
P0551,5,5.0,2025-03-09,,34.93284900406201,23,3
P0552,3,4.0,2025-05-13,Cor,12.858856801221364,28,5
P0553,0,5.0,2025-07-07,,0.0,8,7
P0554,5,4.799599384568989,2025-11-04,Cor,26.651528074412777,7,11
P0555,8,2.0,2025-05-18,Cor,6.894941086516698,24,5
P0556,7,4.0,2025-06-23,Tecido,29.562145287530704,10,6
P0557,7,3.0,2025-04-07,Tamanho,15.739281185847895,27,4
P0558,4,1.0,2025-06-20,Acabamento,2.6174383404801214,11,6
P0559,8,4.0,2025-06-03,,47.432807885328245,18,6
P0560,2,3.0,2025-07-02,Costura,32.07451845321439,16,7
P0561,2,4.0,2025-08-30,Tamanho,43.84594659354235,20,8
P0562,0,3.0,2025-10-31,,0.0,24,10
P0563,8,3.0,2025-10-12,,17.849184607005647,12,10
P0564,5,4.0,2025-01-27,,25.63440361644057,27,1
P0565,1,1.8342472007873734,2025-12-26,Tamanho,33.787338017358856,6,12
P0566,7,4.0,2025-03-01,,48.01261626007188,17,3
P0567,8,4.0,2025-07-21,Cor,12.683472956084824,12,7
P0568,8,3.0,2025-09-07,Acabamento,43.74885293120588,29,9
P0569,1,0.5124286503069495,2025-12-28,Costura,46.20389026471347,25,12
P0570,1,3.0,2025-03-10,Costura,33.520775732947826,24,3
P0571,6,5.0,2025-01-21,Tecido,46.56333137006689,20,1
P0572,3,4.0,2025-06-01,Costura,19.893929373868424,8,6
P0573,0,4.0,2025-04-12,,0.0,20,4
P0574,7,2.0,2025-04-05,Tecido,35.139143858298745,24,4
P0575,1,2.6436865184443445,2025-12-27,Costura,2.100288370940595,10,12
P0576,2,2.0,2025-08-17,,45.34364159095264,8,8
P0577,4,4.0,2025-05-05,Costura,24.223640451659627,20,5
P0578,2,3.0,2025-09-15,Tamanho,23.01634923889164,27,9
P0579,7,2.8105950226144,2025-11-18,Tecido,28.323330298981716,27,11
P0580,6,5.0,2025-08-24,,7.469227338561396,25,8
P0581,1,5.0,2025-06-11,,23.458302428369933,17,6
P0582,6,1.0,2025-02-11,Tamanho,41.55636083588728,9,2
P0583,5,5.0,2025-10-03,Tamanho,0.7741229568757668,19,10
P0584,11,2.6790080560095975,2025-12-19,Costura,13.645858016218565,12,12
P0585,8,5.0,2025-03-09,,0.122729322192211,11,3
P0586,8,1.0,2025-06-22,,20.785565457492417,18,6
P0587,2,3.7142369004813154,2025-11-27,,36.41577552468674,11,11
P0588,6,5.0,2025-05-05,Tamanho,39.93859145573143,26,5
P0589,4,3.0,2025-06-19,Cor,47.25948805635033,11,6
P0590,5,4.0,2025-02-16,,30.425230648539326,27,2
P0591,0,3.0,2025-09-18,,0.0,22,9
P0592,6,4.0,2025-08-05,Acabamento,46.20739745683495,14,8
P0593,6,2.7377299886480198,2025-11-01,Costura,38.765787694018805,22,11
P0594,3,5.0,2025-05-04,,28.721424150157222,18,5
P0595,0,5.0,2025-10-20,,0.0,14,10
P0596,8,1.0,2025-06-11,Tecido,46.21581775037146,11,6
P0597,3,4.0,2025-07-20,Acabamento,35.619701423646084,11,7
P0598,1,1.0,2025-10-02,,18.4187253792367,11,10
P0599,7,2.0,2025-07-25,Tamanho,35.65141011445483,9,7
P0600,1,5.0,2025-02-09,Tecido,2.0139081367693934,5,2
P0601,4,4.0,2025-09-30,Costura,19.32077809152906,18,9
P0602,5,1.0,2025-07-07,,20.316151592278963,22,7
P0603,9,0.6776490505940781,2025-12-21,,8.341911721041734,17,12
P0604,0,2.0,2025-04-03,,0.0,29,4
P0605,0,1.0,2025-02-11,,0.0,12,2
P0606,3,3.0,2025-04-17,,32.731074789852755,12,4
P0607,6,4.731186838909819,2025-11-24,Cor,40.11444081818438,14,11
P0608,8,1.0,2025-03-06,Acabamento,49.41017463634871,21,3
P0609,8,0.6726048231568097,2025-11-05,Acabamento,17.318175155424715,10,11
P0610,6,2.0,2025-05-15,Cor,29.968961113055087,19,5
P0611,7,3.0,2025-01-24,,46.857248340756094,19,1
P0612,4,1.0,2025-01-28,Acabamento,8.35208906690763,29,1
P0613,4,5.0,2025-03-03,Cor,35.88227931713713,20,3
P0614,0,5.0,2025-09-30,,0.0,12,9
P0615,8,1.0,2025-08-17,Costura,4.448776793466919,23,8
P0616,5,3.0,2025-01-20,Acabamento,43.06246925915325,24,1
P0617,8,5.0,2025-01-03,Tecido,40.6552523555422,19,1
P0618,2,5.0,2025-08-06,Costura,1.6701503288717223,7,8
P0619,6,2.5462157188881807,2025-11-03,Tamanho,4.554220744002574,10,11
P0620,1,3.0,2025-05-16,Tamanho,2.456344694592616,29,5
P0621,9,1.0,2025-01-03,,16.73717658996811,12,1
P0622,4,4.0,2025-07-12,Acabamento,25.46444953399631,20,7
P0623,7,2.0,2025-03-14,,26.61738639773144,19,3
P0624,1,3.503367515927364,2025-12-27,,13.383337988472132,17,12
P0625,7,4.0,2025-04-28,,45.579844328013706,24,4
P0626,3,5.0,2025-06-03,Tamanho,18.413139493595654,19,6
P0627,9,3.0,2025-07-28,Cor,2.2775077982676253,22,7
P0628,9,5.0,2025-02-03,,15.01135557706932,17,2
P0629,0,2.0,2025-05-17,,0.0,28,5
P0630,5,0.6453565633259933,2025-11-14,Tecido,20.4110911294116,12,11
P0631,0,2.0,2025-04-30,,0.0,18,4
P0632,6,5.0,2025-04-25,Costura,6.566162488215871,15,4
P0633,7,5.0,2025-01-13,,40.95822500481149,10,1
P0634,2,5.0,2025-03-10,Acabamento,49.80726210620959,28,3
P0635,3,4.536089599124784,2025-11-29,Acabamento,16.477106676194104,29,11
P0636,6,4.0,2025-09-14,Tamanho,19.0810522088302,5,9
P0637,3,1.0,2025-03-30,Acabamento,30.90187623384785,29,3
P0638,2,4.0,2025-02-16,Costura,35.922073736777065,6,2
P0639,7,5.0,2025-09-17,Tamanho,19.601476740179564,17,9
P0640,2,3.0,2025-08-16,Tamanho,45.24647584909077,5,8
P0641,6,4.0,2025-06-29,Cor,28.00019946144592,28,6
P0642,1,5.0,2025-01-10,,22.51950382029655,28,1
P0643,0,5.0,2025-10-11,,0.0,8,10
P0644,5,1.0,2025-05-06,Tecido,47.64019241245866,28,5
P0645,7,2.0,2025-05-14,Tecido,39.72761472108528,27,5
P0646,0,4.0,2025-06-04,,0.0,6,6
P0647,9,4.0,2025-09-05,,16.615495536997983,25,9
P0648,8,4.0,2025-05-20,,23.527234247561136,24,5
P0649,3,4.570794873058523,2025-11-14,Cor,15.725878610455265,20,11
P0650,2,1.0,2025-06-25,Acabamento,35.00937804152283,7,6
P0651,5,4.852481301009361,2025-11-19,Tamanho,41.31345749312905,21,11
P0652,0,5.0,2025-06-23,,0.0,9,6
P0653,8,3.0,2025-03-15,Tecido,49.46666434141376,12,3
P0654,3,0.5335460084784822,2025-12-17,,13.627382394651455,16,12
P0655,9,4.0,2025-05-23,Tamanho,43.74947475122107,29,5
P0656,3,2.0,2025-10-19,,38.33113325872431,27,10
P0657,0,4.0,2025-04-22,,0.0,16,4
P0658,3,5.0,2025-07-25,Tamanho,36.70622718284843,5,7
P0659,0,1.0,2025-05-11,,0.0,5,5
P0660,4,1.0,2025-04-20,Tecido,39.466674117027615,19,4
P0661,4,1.0,2025-03-08,Acabamento,26.61653012935513,21,3
P0662,6,3.0,2025-03-27,Cor,14.61450863546266,6,3
P0663,7,4.0,2025-10-02,Tecido,32.788865089209004,21,10
P0664,3,3.0,2025-08-15,Tecido,32.08099993572045,24,8
P0665,6,1.9645954999736892,2025-11-21,Costura,10.474311135979985,13,11
P0666,3,5.0,2025-01-10,Tamanho,1.5198707405763068,16,1
P0667,3,2.8350390894782276,2025-12-21,Acabamento,21.681129345083693,8,12
P0668,5,3.0,2025-10-15,Costura,28.47559346722106,17,10
P0669,3,5.0,2025-04-22,Tecido,43.83026391852992,8,4
P0670,2,1.0,2025-01-24,Costura,46.41083978237972,11,1
P0671,8,5.0,2025-10-18,Tamanho,26.44026090783832,18,10
P0672,5,3.6800275324476,2025-12-05,Costura,37.69017418842724,13,12
P0673,6,4.736542277052429,2025-11-22,,21.965163616399845,27,11
P0674,5,1.0,2025-06-17,Costura,37.30410782864465,5,6
P0675,9,5.0,2025-04-19,Tecido,10.240076246958346,5,4
P0676,4,3.0,2025-07-09,,18.553236740176573,24,7
P0677,6,1.7287938035853188,2025-12-21,Tamanho,31.71139994068074,8,12
P0678,5,3.0,2025-07-15,Costura,0.9078982803539416,5,7
P0679,9,2.0,2025-02-02,,36.1230655169477,26,2
P0680,1,5.0,2025-07-24,Acabamento,41.77677506340834,14,7
P0681,3,3.602555835099376,2025-11-08,,19.957083054697573,6,11
P0682,1,5.0,2025-07-01,Tamanho,22.397120858858216,25,7
P0683,2,1.0,2025-05-27,Tamanho,42.56411061082655,28,5
P0684,0,5.0,2025-09-25,,0.0,19,9
P0685,7,2.0,2025-01-11,Tecido,14.407474451668753,7,1
P0686,5,3.0,2025-03-11,Tamanho,16.198805328076947,29,3
P0687,1,4.0,2025-09-13,Acabamento,33.94391161952983,27,9
P0688,7,5.0,2025-08-07,Costura,28.15990462240806,13,8
P0689,5,5.0,2025-10-24,Costura,8.111478554824847,21,10
P0690,8,2.9026481588569037,2025-12-28,Costura,15.49649546145832,25,12
P0691,0,4.0,2025-09-16,,0.0,17,9
P0692,6,5.0,2025-01-03,Acabamento,34.40872183611317,7,1
P0693,2,5.0,2025-03-25,Acabamento,49.29871588427597,8,3
P0694,7,2.0,2025-06-05,Costura,38.35062649903847,8,6
P0695,5,2.0,2025-05-31,Acabamento,47.09872160717951,15,5
P0696,3,1.0,2025-06-25,,10.80942869352377,11,6
P0697,7,3.0,2025-07-14,Cor,38.574243740846285,15,7
P0698,8,4.0,2025-04-17,Tamanho,1.0108760073898715,28,4
P0699,9,5.0,2025-05-14,,33.538001085576695,15,5
P0700,1,5.0,2025-10-03,,23.46411390601207,14,10
P0701,7,0.5089622450162707,2025-12-18,Acabamento,17.338003596003432,9,12
P0702,4,5.0,2025-06-04,,43.12021761465446,17,6
P0703,4,3.0,2025-10-04,Cor,42.71338463287653,16,10
P0704,9,1.0,2025-08-24,,1.115085244932179,14,8
P0705,2,3.0,2025-08-28,Tecido,30.47525612247155,11,8
P0706,7,1.0,2025-01-13,Tecido,18.39161121604782,23,1
P0707,8,4.781270886351415,2025-12-08,Costura,20.78305007502246,23,12
P0708,4,1.0,2025-02-04,,41.6020369609388,23,2
P0709,7,2.0,2025-02-16,Cor,15.491988576383914,16,2
P0710,9,4.0,2025-08-02,Tecido,47.152440531881005,24,8
P0711,7,5.0,2025-05-26,Tecido,8.981691318607037,26,5
P0712,2,4.0,2025-06-08,,33.13612116840889,19,6
P0713,1,5.0,2025-05-05,,33.60525335068824,9,5
P0714,8,4.0,2025-04-20,Acabamento,12.60975807139591,28,4
P0715,1,2.0,2025-02-06,Tamanho,16.2375304483601,18,2
P0716,8,4.0,2025-10-04,Acabamento,41.739924628997024,16,10
P0717,3,1.0,2025-01-14,Cor,38.09026274774762,25,1
P0718,2,3.525078367597202,2025-12-13,,16.454794015737978,15,12
P0719,9,5.0,2025-08-20,Costura,26.697827346746696,9,8
P0720,1,2.808442067751584,2025-11-12,,0.0,20,11
P0721,3,4.0,2025-05-04,Cor,10.437294119931462,22,5
P0722,8,4.0,2025-10-06,Acabamento,24.291027943019955,16,10
P0723,8,4.0,2025-04-21,Acabamento,4.29868676396058,9,4
P0724,3,5.0,2025-05-04,Acabamento,42.16661774459688,20,5
P0725,8,4.0,2025-01-30,Costura,35.90031050538239,16,1
P0726,5,5.0,2025-04-25,Acabamento,47.18168353242474,27,4
P0727,0,5.0,2025-03-31,,0.0,6,3
P0728,9,3.0,2025-07-31,Tecido,47.02006861310928,10,7
P0729,5,1.0,2025-02-07,Costura,27.72562778454825,27,2
P0730,8,5.0,2025-03-24,,30.01093055309847,25,3
P0731,1,2.0,2025-01-27,Cor,48.84855273131304,29,1
P0732,5,4.0,2025-08-05,Tamanho,32.106457343213016,8,8
P0733,2,1.6991066655741822,2025-12-26,Tamanho,1.53932844303733,17,12
P0734,3,4.0,2025-08-03,Tamanho,36.19013883152616,14,8
P0735,7,3.0,2025-08-09,Acabamento,45.27343460687078,21,8
P0736,6,5.0,2025-01-15,Cor,39.77901248971633,18,1
P0737,8,1.0,2025-09-16,Cor,29.19166363127113,28,9
P0738,6,5.0,2025-09-23,Tamanho,33.56517565467582,19,9
P0739,0,4.0,2025-04-30,,0.0,12,4
P0740,1,1.0,2025-05-08,,4.533104425466917,27,5
P0741,5,5.0,2025-07-30,,33.36224143166198,28,7
P0742,6,1.0,2025-01-11,Tecido,14.169884728529691,22,1
P0743,2,4.0,2025-06-25,Costura,32.00451982930851,7,6
P0744,8,3.0,2025-05-13,Tamanho,30.381178794196934,29,5
P0745,8,2.774844264338432,2025-11-21,Cor,7.672841605408104,21,11
P0746,6,4.6620324180740145,2025-11-16,Costura,10.337332287011956,28,11
P0747,5,2.0,2025-01-14,,31.08147890216068,28,1
P0748,0,4.0,2025-02-19,,0.0,11,2
P0749,4,5.0,2025-03-13,,13.259043756516142,17,3
P0750,9,5.0,2025-03-10,Tamanho,41.76227738690013,20,3
P0751,2,3.0,2025-01-16,,16.35457530008193,9,1
P0752,6,0.9081876353079068,2025-11-30,Tecido,24.403007813483143,8,11
P0753,11,3.7996857335797576,2025-12-23,Tecido,47.05701675729201,14,12
P0754,2,1.0,2025-02-25,Acabamento,11.357454441847317,17,2
P0755,4,4.0,2025-04-15,Tecido,19.48130086790052,14,4
P0756,6,2.0,2025-05-12,Cor,30.322888777177283,18,5
P0757,2,3.0,2025-02-17,Cor,37.76694647519861,26,2
P0758,9,2.0,2025-09-05,Tecido,45.08266933563526,16,9
P0759,1,5.0,2025-09-30,Tecido,45.77364937867576,5,9
P0760,5,3.0,2025-04-21,,38.83200371863115,25,4
P0761,9,4.965809438946284,2025-11-22,Tecido,11.416541829665524,24,11
P0762,3,1.7009492915049933,2025-12-02,Costura,1.24046650212829,24,12
P0763,9,3.5186591507054388,2025-12-15,Tamanho,19.18869651778119,11,12
P0764,7,5.0,2025-02-07,,7.077442549391167,13,2
P0765,7,0.9770467424213072,2025-12-23,Cor,35.5193823719149,12,12
P0766,6,4.0,2025-08-28,Costura,33.05652934128584,17,8
P0767,3,3.6701849877492165,2025-11-14,Acabamento,2.198582081072742,18,11
P0768,5,2.0,2025-05-01,,41.82968895654756,16,5
P0769,4,2.0,2025-02-17,,12.437163314559111,12,2
P0770,0,3.0,2025-01-10,,0.0,25,1
P0771,2,3.0,2025-08-21,Cor,33.39668677278712,26,8
P0772,0,1.0,2025-02-05,,0.0,22,2
P0773,3,4.0,2025-01-04,Costura,22.06439013999717,20,1
P0774,9,1.0,2025-02-13,Tamanho,3.2813997667870187,15,2
P0775,2,1.0,2025-02-25,Tamanho,20.07217746300019,20,2
P0776,3,2.0,2025-02-11,,38.242394660999175,18,2
P0777,8,1.0,2025-09-12,Tecido,45.75881685932989,7,9
P0778,2,1.0,2025-08-16,Costura,20.67485685316859,25,8
P0779,5,5.0,2025-04-24,Acabamento,21.179291343953945,6,4
P0780,5,3.0,2025-08-25,Tamanho,35.131355316182606,7,8
P0781,6,3.0,2025-06-23,,47.13860005526383,8,6
P0782,8,4.0,2025-09-12,Tecido,13.35304701196801,26,9
P0783,6,3.0,2025-10-04,Tecido,22.007210326896843,9,10
P0784,1,3.61245101818117,2025-12-01,,0.0,14,12
P0785,7,5.0,2025-03-10,Cor,30.48467846870193,24,3
P0786,5,2.8934457879111855,2025-11-22,,5.529317198197736,6,11
P0787,8,5.0,2025-08-18,Acabamento,31.386636778113285,16,8
P0788,9,3.0,2025-03-08,,9.337314229866344,9,3
P0789,4,3.0,2025-10-31,Acabamento,25.510796703920207,9,10
P0790,4,5.0,2025-02-05,,26.45516338302192,27,2
P0791,1,1.0,2025-06-08,Cor,43.81016811124924,5,6
P0792,2,1.0,2025-05-29,,23.124713700621907,8,5
P0793,9,1.0,2025-01-27,Tecido,13.97212111179471,25,1
P0794,8,1.0,2025-03-13,Acabamento,11.548317410801578,28,3
P0795,6,3.0,2025-09-05,Tecido,43.7125938342168,16,9
P0796,0,2.0,2025-04-11,,0.0,16,4
P0797,2,5.0,2025-07-09,Cor,21.293428044157185,20,7
P0798,1,2.0,2025-04-06,Tecido,9.358655746347347,28,4
P0799,0,2.0,2025-10-09,,0.0,21,10
P0800,8,3.8634628533157267,2025-11-18,Tecido,23.71863199873095,25,11
P0801,7,1.0,2025-10-05,,17.5571845278406,14,10
P0802,4,3.0,2025-01-17,,18.05498203132334,21,1
P0803,1,1.0,2025-09-20,Costura,42.61071033614897,21,9
P0804,0,1.0,2025-04-17,,0.0,22,4
P0805,6,2.0,2025-03-09,Tecido,35.89339255656318,6,3
P0806,1,4.0,2025-05-08,Costura,44.85192581253423,29,5
P0807,0,1.0,2025-10-20,,0.0,8,10
P0808,1,5.0,2025-10-21,,16.425452716893158,23,10
P0809,6,5.0,2025-04-06,Costura,47.62256315731926,15,4
P0810,6,1.0,2025-01-01,Acabamento,1.2437941007302722,21,1
P0811,9,2.0,2025-10-25,Acabamento,18.841778050808283,16,10
P0812,5,2.0,2025-06-29,,44.78994287544208,6,6
P0813,4,3.0,2025-06-30,Costura,13.731843990849146,10,6
P0814,2,4.0,2025-08-23,Tamanho,13.654072516065918,13,8
P0815,3,1.8992094568799822,2025-11-15,Tamanho,15.131114254094436,9,11
P0816,8,2.851293681661846,2025-12-03,Tamanho,30.61566924234611,24,12
P0817,3,5.0,2025-01-08,,21.91663878071769,25,1
P0818,8,5.0,2025-01-27,,36.33674181766713,13,1
P0819,3,4.944958720403313,2025-11-04,Costura,44.74553212823329,27,11
P0820,1,1.0,2025-05-26,Acabamento,33.70996874714303,12,5
P0821,3,4.0,2025-04-01,Cor,10.223336009878777,24,4
P0822,5,2.814826064357289,2025-12-08,Cor,46.63409511802511,12,12
P0823,5,4.0,2025-09-29,Acabamento,13.224643667373924,26,9
P0824,5,0.8155354023428025,2025-11-18,Cor,7.494714766407906,25,11
P0825,0,3.0,2025-01-05,,0.0,27,1
P0826,2,3.0,2025-03-23,,28.16918703330828,10,3
P0827,4,2.0,2025-08-07,Costura,5.688123124032591,7,8
P0828,5,4.0,2025-04-28,,6.938794205631538,9,4
P0829,0,4.0,2025-03-22,,0.0,13,3
P0830,8,2.0,2025-03-11,Tamanho,14.08265048422319,11,3
P0831,2,5.0,2025-04-25,,30.211975516607115,8,4
P0832,9,1.0,2025-09-20,Cor,40.83726397363407,11,9
P0833,3,3.5963662716972955,2025-11-02,Cor,38.06748281014462,9,11
P0834,1,2.0,2025-05-22,Cor,13.124222735823835,15,5
P0835,7,3.0,2025-07-26,Cor,12.265524899298995,19,7
P0836,2,2.0,2025-04-21,,48.28957650534838,6,4
P0837,5,5.0,2025-10-30,,0.4118120795980062,17,10
P0838,1,1.0,2025-04-22,Costura,43.98602665301079,26,4
P0839,6,5.0,2025-02-12,Costura,9.986425956120248,20,2
P0840,5,2.5995208421996407,2025-12-13,Cor,47.36421615448839,11,12
P0841,8,3.0,2025-10-12,Costura,17.115364241375985,12,10
P0842,9,3.0,2025-05-08,Tamanho,22.017588694662614,10,5
P0843,8,3.0,2025-07-04,Costura,35.35603069721905,28,7
P0844,6,2.0,2025-08-17,Acabamento,29.38345257366301,11,8
P0845,7,3.0,2025-08-09,Costura,15.89696648534114,22,8
P0846,4,2.6016383183453176,2025-12-18,Cor,27.69154579339117,26,12
P0847,4,2.0,2025-04-27,Tamanho,36.53534421814431,29,4
P0848,1,3.0,2025-03-11,Acabamento,2.116747295124605,26,3
P0849,9,5.0,2025-03-11,,0.5599652627852059,24,3
P0850,6,5.0,2025-04-20,,22.903346953644565,11,4
P0851,7,4.0,2025-05-12,Cor,6.591830890175709,7,5
P0852,8,5.0,2025-02-25,Costura,33.21721457323572,9,2
P0853,6,1.0,2025-03-30,,10.70262281137171,5,3
P0854,9,1.0,2025-05-17,,21.64255533978355,19,5
P0855,9,1.0,2025-05-11,,9.883546843713448,7,5
P0856,7,2.0,2025-08-06,Costura,27.424179287456223,12,8
P0857,8,5.0,2025-06-25,,5.802672969228445,29,6
P0858,5,1.0,2025-06-20,Tecido,1.155342639374013,13,6
P0859,9,4.0,2025-04-10,Tamanho,2.556581905334859,19,4
P0860,1,2.0,2025-05-09,,47.7129220757655,14,5
P0861,1,4.0,2025-02-26,Tecido,7.114310930546791,6,2
P0862,3,5.0,2025-06-30,,35.42391265684176,24,6
P0863,8,3.0,2025-09-03,Cor,3.396310211141312,9,9
P0864,6,4.0,2025-05-24,,5.408017611759108,23,5
P0865,1,3.0,2025-02-20,Tecido,25.443812570466733,17,2
P0866,7,2.0,2025-08-06,,23.243546507717184,15,8
P0867,6,4.0,2025-04-14,Costura,47.57901547199348,5,4
P0868,8,4.0,2025-02-24,Tamanho,47.24177265103687,26,2
P0869,7,2.0,2025-09-14,Acabamento,38.98043212712325,19,9
P0870,2,1.7164820433905348,2025-12-12,Acabamento,30.105091506367486,22,12
P0871,0,1.0,2025-06-05,,0.0,20,6
P0872,1,5.0,2025-02-22,Tamanho,17.808926716421052,13,2
P0873,3,3.837059656566833,2025-11-25,Tecido,47.354377348777774,5,11
P0874,3,4.0,2025-07-06,Acabamento,30.14544057123428,15,7
P0875,5,1.794517741799783,2025-12-30,Tecido,28.953626384299724,13,12
P0876,3,2.0,2025-05-30,,11.595056088445745,27,5
P0877,8,5.0,2025-09-21,Costura,2.334890894255653,15,9
P0878,3,2.0,2025-09-07,Tecido,47.25942898797722,17,9
P0879,5,3.0,2025-10-25,Tecido,15.686762942232695,6,10
P0880,5,3.0,2025-07-30,Cor,22.129451166222932,18,7
P0881,9,3.0,2025-01-25,Tecido,5.731997179285342,10,1
P0882,9,3.0,2025-10-21,Acabamento,41.8462164954646,12,10
P0883,2,4.841128247618959,2025-12-07,,0.0,22,12
P0884,7,4.0,2025-06-01,Tamanho,41.699538104954826,20,6
P0885,2,3.0,2025-01-24,Acabamento,7.014250639398339,25,1
P0886,5,2.0,2025-09-09,Costura,44.3282056315576,16,9
P0887,2,3.0,2025-03-01,Tamanho,36.48863186680787,15,3
P0888,1,5.0,2025-03-07,Tecido,8.233513125365254,10,3
P0889,4,2.0,2025-02-22,,28.290899642973404,7,2
P0890,0,3.0,2025-04-16,,0.0,18,4
P0891,8,4.0,2025-04-06,Cor,8.911654945579173,6,4
P0892,6,2.0,2025-06-25,Cor,42.95910997055542,15,6
P0893,2,2.0,2025-02-08,,20.17613832536147,26,2
P0894,3,4.0,2025-06-17,Costura,19.92718571826913,7,6
P0895,5,2.0,2025-02-11,Acabamento,8.494333740331001,22,2
P0896,2,3.0,2025-04-14,Costura,19.15328380428893,5,4
P0897,7,1.7090360475096393,2025-11-29,Tamanho,43.58084231644251,28,11
P0898,5,3.0,2025-07-23,,18.1564355244818,5,7
P0899,8,4.0,2025-01-08,Cor,47.5801781249894,16,1
P0900,4,1.0,2025-10-09,Acabamento,47.31544496041937,19,10
P0901,3,4.0,2025-02-12,,7.244932965367301,9,2
P0902,2,3.0,2025-04-20,Acabamento,8.865562676132244,10,4
P0903,9,5.0,2025-07-29,Acabamento,43.13370351659446,20,7
P0904,0,4.0,2025-08-25,,0.0,16,8
P0905,3,4.5310104393431665,2025-12-22,Tamanho,0.2186991141504668,16,12
P0906,2,4.857751607972143,2025-11-15,Costura,13.69359098526855,7,11
P0907,6,3.0,2025-02-18,,29.881449659778,27,2
P0908,6,3.0,2025-04-25,Cor,39.9632982979984,6,4
P0909,0,1.0,2025-06-04,,0.0,11,6
P0910,2,2.0,2025-05-17,,5.527068220836767,6,5
P0911,7,4.0,2025-06-16,Cor,46.10463267861658,25,6
P0912,8,2.770574091176935,2025-11-17,Costura,37.55741839112913,11,11
P0913,6,4.0,2025-07-18,Tamanho,29.48898003890392,15,7
P0914,6,5.0,2025-03-12,,38.4593394997964,15,3
P0915,7,2.0,2025-01-07,,21.442718065331924,18,1
P0916,5,1.0,2025-07-19,,37.92278736545633,7,7
P0917,3,3.67244153493033,2025-12-02,,18.590149563726783,18,12
P0918,0,2.0,2025-03-08,,0.0,15,3
P0919,6,1.0,2025-05-18,Cor,36.45067106464843,8,5
P0920,0,4.0,2025-08-30,,0.0,21,8
P0921,0,2.0,2025-08-01,,0.0,20,8
P0922,8,3.0,2025-06-30,Tamanho,17.47425911540505,7,6
P0923,9,4.0,2025-09-11,Tamanho,46.086371026553294,29,9
P0924,6,2.0,2025-04-11,Cor,46.64812742835397,14,4
P0925,4,0.5776525441022087,2025-12-17,,12.092647353237307,25,12
P0926,5,2.0,2025-03-28,Acabamento,39.911059079400665,19,3
P0927,0,3.0,2025-07-04,,0.0,12,7
P0928,6,4.0,2025-04-01,,45.8762363615174,22,4
P0929,5,4.0,2025-09-05,Acabamento,22.50621363176194,7,9
P0930,3,4.0,2025-08-02,Tecido,37.2151858668683,11,8
P0931,7,2.8733330396795176,2025-12-25,Acabamento,23.34837045818989,14,12
P0932,2,1.0,2025-09-06,,11.390037785642807,24,9
P0933,0,4.0,2025-05-06,,0.0,13,5
P0934,3,1.0,2025-01-04,,21.27155971281728,18,1
P0935,2,2.0,2025-03-29,Tamanho,37.77473285071075,27,3
P0936,0,1.0,2025-05-31,,0.0,18,5
P0937,1,1.0,2025-06-25,,34.431464495027164,15,6
P0938,4,4.0,2025-07-30,,14.116317536597125,5,7
P0939,7,5.0,2025-09-16,Tecido,24.071767297880275,8,9
P0940,0,5.0,2025-04-01,,0.0,10,4
P0941,3,3.0,2025-09-16,,40.87662079790604,26,9
P0942,3,3.0,2025-07-10,,49.494608111993735,26,7
P0943,4,5.0,2025-03-22,,20.343953131233544,9,3
P0944,6,2.0,2025-05-18,,0.5481826565771675,7,5
P0945,9,3.859855024509805,2025-12-16,Acabamento,8.489631977547369,6,12
P0946,5,4.0,2025-05-06,Tamanho,32.62634388752094,7,5
P0947,2,1.557417233872032,2025-12-22,,0.0,13,12
P0948,8,1.9598709400070984,2025-11-05,Costura,39.39323597927719,23,11
P0949,4,4.697276197016394,2025-12-09,Tamanho,12.694200548053407,23,12
P0950,5,3.0,2025-08-18,Acabamento,38.18159577735671,21,8
P0951,7,1.5697722919520065,2025-12-11,Tamanho,34.39920107618349,22,12
P0952,6,2.5391286248242335,2025-11-06,Acabamento,16.140724885692165,15,11
P0953,9,1.0,2025-01-20,Acabamento,27.274407402848095,16,1
P0954,5,4.0,2025-02-18,Tecido,7.363690424916336,7,2
P0955,8,5.0,2025-05-15,Tecido,22.62822517177913,22,5
P0956,8,4.0,2025-01-29,Tecido,44.05986697778205,28,1
P0957,0,5.0,2025-02-17,,0.0,10,2
P0958,0,1.0,2025-09-26,,0.0,11,9
P0959,0,4.0,2025-01-03,,0.0,5,1
P0960,7,1.0,2025-09-15,Tecido,9.593835655117838,10,9
P0961,9,5.0,2025-01-16,Acabamento,29.05531223489482,22,1
P0962,6,2.0,2025-04-04,Tamanho,25.29916645785317,17,4
P0963,4,3.9936563728835655,2025-12-24,Tecido,19.9320667598192,26,12
P0964,1,1.0,2025-05-14,,5.981521975803517,23,5
P0965,3,4.0,2025-10-28,,20.83543319236149,11,10
P0966,2,3.8151670112529077,2025-11-23,Tecido,3.638118811981355,23,11
P0967,6,4.0,2025-05-13,Tecido,4.938452569937563,13,5
P0968,11,2.8713676069394767,2025-11-08,,20.795826646635803,7,11
P0969,7,1.0,2025-02-01,,15.269074098423186,27,2
P0970,7,0.7159837056126384,2025-11-01,Tamanho,46.27721629311117,16,11
P0971,2,4.0,2025-09-26,Costura,18.78529026901353,24,9
P0972,5,2.0,2025-01-25,Cor,37.89290610360501,28,1
P0973,2,3.6835688615931854,2025-11-12,Acabamento,26.512376318312132,22,11
P0974,6,3.0,2025-02-28,Tecido,35.204283432116775,12,2
P0975,9,5.0,2025-08-01,Cor,13.00579915076996,13,8
P0976,6,3.0,2025-06-05,Tamanho,47.095248641916456,17,6
P0977,5,1.5001127611972356,2025-11-10,Cor,26.5044248457212,12,11
P0978,7,4.0,2025-10-03,,41.56620356426248,26,10
P0979,3,1.0,2025-07-29,,18.25228467380568,14,7
P0980,6,4.0,2025-02-26,Cor,5.010567452526226,21,2
P0981,3,2.0,2025-07-04,,33.68558238604244,11,7
P0982,4,1.0,2025-02-23,Costura,0.3879824168712242,21,2
P0983,6,3.0,2025-07-28,,23.764648828275416,27,7
P0984,9,4.743618751550537,2025-12-08,Tecido,9.640095133322962,22,12
P0985,2,5.0,2025-10-20,Costura,31.368775221768107,28,10
P0986,11,3.724266560631365,2025-12-06,Tamanho,48.97099365689261,6,12
P0987,4,3.0,2025-10-31,Acabamento,23.220145316032298,7,10
P0988,2,2.0,2025-09-09,,40.874912826283335,23,9
P0989,4,5.0,2025-10-31,Cor,25.38920934755605,5,10
P0990,2,3.0,2025-04-22,Tecido,24.792001555201203,25,4
P0991,9,4.0,2025-01-06,Acabamento,46.52117465893889,25,1
P0992,6,1.0,2025-07-10,Acabamento,44.49829343733408,14,7
P0993,1,3.792843246097179,2025-11-30,,0.0,25,11
P0994,8,4.0,2025-10-06,Tamanho,14.812787665839206,18,10
P0995,8,2.9261613810807123,2025-12-06,,27.250420786197022,17,12
P0996,4,5.0,2025-01-13,,11.19486166528425,13,1
P0997,8,3.0,2025-10-30,,22.19583490232699,10,10
P0998,9,1.0,2025-02-13,Tecido,24.21065328798953,10,2
P0999,5,3.0,2025-04-15,Tamanho,41.58200200846655,23,4
P1000,4,2.0,2025-06-09,Cor,44.801418266249655,25,6
